{
  "quick-pack:/cce/internal/x/cc.js": {
    "imports": {},
    "physicalLocation": "cce/internal/x/cc.js",
    "mTimestamp": 1745819200089,
    "isEntry": true,
    "exposeAs": "cce:/internal/x/cc"
  },
  "assets/typescript.js": {
    "imports": {
      "cc": "quick-pack:/cce/internal/x/cc.js"
    },
    "physicalLocation": "fs/0/assets/typescript.js",
    "mTimestamp": 1745785623097
  },
  "assets/Jump.js": {
    "imports": {
      "cc": "quick-pack:/cce/internal/x/cc.js"
    },
    "physicalLocation": "fs/0/assets/Jump.js",
    "mTimestamp": 1745819200234
  },
  "quick-pack:/cce/internal/code-quality/cr.js": {
    "imports": {},
    "physicalLocation": "cce/internal/code-quality/cr.js",
    "mTimestamp": 1745795394915
  },
  "assets/Scripts/BackgroundScroller.js": {
    "imports": {
      "cc": "quick-pack:/cce/internal/x/cc.js"
    },
    "physicalLocation": "fs/0/assets/Scripts/BackgroundScroller.js",
    "mTimestamp": 1745823451108
  },
  "assets/BackgroundScroller.js": {
    "imports": {
      "cc": "quick-pack:/cce/internal/x/cc.js"
    },
    "physicalLocation": "fs/0/assets/BackgroundScroller.js",
    "mTimestamp": 1745823776053
  },
  "assets/Scripts/ParallaxEffect.js": {
    "imports": {
      "cc": "quick-pack:/cce/internal/x/cc.js"
    },
    "physicalLocation": "fs/0/assets/Scripts/ParallaxEffect.js",
    "mTimestamp": 1745823870025
  },
  "quick-pack:/cce/internal/x/prerequisite-imports.js": {
    "imports": {
      "file:///C:/Users/User/NewProject/assets/Scripts/ParallaxEffect.ts": "assets/Scripts/ParallaxEffect.js",
      "file:///C:/Users/User/NewProject/assets/Scripts/Jump.ts": "assets/Scripts/Jump.js"
    },
    "physicalLocation": "cce/internal/x/prerequisite-imports.js",
    "mTimestamp": 1745824176888,
    "isEntry": true,
    "exposeAs": "cce:/internal/x/prerequisite-imports"
  },
  "assets/Scripts/Jump.js": {
    "imports": {
      "cc": "quick-pack:/cce/internal/x/cc.js"
    },
    "physicalLocation": "fs/0/assets/Scripts/Jump.js",
    "mTimestamp": 1745824176953
  }
}
