{
  "assets/typescript.js": {
    "imports": {
      "cc": "quick-pack:/cce/internal/x/cc.js"
    },
    "physicalLocation": "fs/0/assets/typescript.js",
    "mTimestamp": 1745785623145
  },
  "assets/Jump.js": {
    "imports": {
      "cc": "quick-pack:/cce/internal/x/cc.js"
    },
    "physicalLocation": "fs/0/assets/Jump.js",
    "mTimestamp": 1745819200360
  },
  "quick-pack:/cce/internal/code-quality/cr.js": {
    "imports": {},
    "physicalLocation": "cce/internal/code-quality/cr.js",
    "mTimestamp": 1745795394979
  },
  "assets/Scripts/BackgroundScroller.js": {
    "imports": {
      "cc": "quick-pack:/cce/internal/x/cc.js"
    },
    "physicalLocation": "fs/0/assets/Scripts/BackgroundScroller.js",
    "mTimestamp": 1745823451184
  },
  "assets/BackgroundScroller.js": {
    "imports": {
      "cc": "quick-pack:/cce/internal/x/cc.js"
    },
    "physicalLocation": "fs/0/assets/BackgroundScroller.js",
    "mTimestamp": 1745823776118
  },
  "quick-pack:/cce/internal/x/cc.js": {
    "imports": {},
    "physicalLocation": "cce/internal/x/cc.js",
    "mTimestamp": 1745825630922,
    "isEntry": true,
    "exposeAs": "cce:/internal/x/cc"
  },
  "quick-pack:/cce/internal/x/prerequisite-imports.js": {
    "imports": {
      "file:///C:/Users/User/NewProject/assets/Scripts/Jump.ts": "assets/Scripts/Jump.js",
      "file:///C:/Users/User/NewProject/assets/Scripts/ParallaxEffect.ts": "assets/Scripts/ParallaxEffect.js"
    },
    "physicalLocation": "cce/internal/x/prerequisite-imports.js",
    "mTimestamp": 1745826063202,
    "isEntry": true,
    "exposeAs": "cce:/internal/x/prerequisite-imports"
  },
  "assets/Scripts/Jump.js": {
    "imports": {
      "cc": "quick-pack:/cce/internal/x/cc.js"
    },
    "physicalLocation": "fs/0/assets/Scripts/Jump.js",
    "mTimestamp": 1745826063280
  },
  "assets/Scripts/ParallaxEffect.js": {
    "imports": {
      "cc": "quick-pack:/cce/internal/x/cc.js"
    },
    "physicalLocation": "fs/0/assets/Scripts/ParallaxEffect.js",
    "mTimestamp": 1745826063368
  }
}
