{
  "__type__": "cc.AnimationClip",
  "_name": "Jump",
  "_objFlags": 0,
  "_native": "",
  "sample": 60,
  "speed": 1,
  "wrapMode": 1,
  "events": [],
  "enableTrsBlending": false,
  "_duration": 0.3333333333333333,
  "_keys": [
    [
      0,
      0.16666666666666666,
      0.3333333333333333
    ]
  ],
  "_stepness": 0,
  "_curves": [
    {
      "modifiers": [
        "position"
      ],
      "data": {
        "keys": 0,
        "values": [
          {
            "__type__": "cc.Vec3",
            "x": -186.339,
            "y": -360,
            "z": 0
          },
          {
            "__type__": "cc.Vec3",
            "x": -186.339,
            "y": -142.722,
            "z": 0
          },
          {
            "__type__": "cc.Vec3",
            "x": -186.339,
            "y": -360,
            "z": 0
          }
        ],
        "easingMethods": {}
      }
    }
  ],
  "_commonTargets": [],
  "_hash": 4241616171
}