{
  "__type__": "cc.TextAsset",
  "_name": "Readme",
  "_objFlags": 0,
  "_native": "",
  "text": "# Parallax Effect and Jump Animation\r\n\r\nThis project includes two TypeScript scripts . The scripts implement a parallax scrolling effect and a simple jump animation for the character. Below are details on both components:\r\n\r\n## Components\r\n\r\n### 1. ParallaxEffect.ts\r\n- This script creates a parallax scrolling effect where three background images move from right to left. When an image moves off-screen, it is wrapped around to the right side to create an infinite scrolling effect. The scrolling speed can be controlled by the `gameSpeed` property.\r\n\r\n#### Key Properties:\r\n- `image1`, `image2`, `image3`: Nodes representing the background images.\r\n- `gameSpeed`: Controls the speed of the scrolling.\r\n- `Y`: The Y-coordinate for positioning the images.\r\n  \r\n#### Methods:\r\n- `onLoad()`: Initializes image positions.\r\n- `startUp()`: Sets up the initial positions and canvas width.\r\n- `setImageStartingPositions()`: Positions the images at the start.\r\n- `update(deltaTime)`: Updates the images' positions every frame.\r\n- `moveImages(deltaTime)`: Moves the images based on `gameSpeed`.\r\n- `checkAndWrapImages()`: Wraps images around when they move off-screen.\r\n\r\n### 2. Jump.ts\r\n- This script enables the character to jump when a button is clicked. The button triggers the jump animation on the charcter using the `Animation` component.\r\n\r\n#### Key Properties:\r\n- `jumpButton`: The button node that triggers the jump action.\r\n- `CharacterAnim`: The `Animation` component controlling the Character's animation.\r\n\r\n#### Methods:\r\n- `start()`: Listens for the button click and triggers the `jump()` method.\r\n- `jump()`: Plays the 'Jump' animation for the Charcter.\r\n\r\n## How to Use\r\n\r\n1. **ParallaxEffect.ts**\r\n   - Attach this script to a Node in your scene.\r\n   - Assign the `image1`, `image2`, and `image3` properties to background image nodes.\r\n   - Adjust the `gameSpeed` and `Y` properties to control the movement.\r\n\r\n2. **Jump.ts**\r\n   - Attach this script to a Node in your scene.\r\n   - Assign the `jumpButton` property to the jump button node.\r\n   - Assign the `CharacterAnim` property to the Animation component controlling the Character.\r\n\r\n## Requirements\r\n- Cocos Creator (or any compatible game engine that supports TypeScript and Cocos)\r\n  \r\n## License\r\nThis project is licensed under the MIT License - see the LICENSE file for details.\r\n\r\n"
}