{
  "options": {
    "android": {
      "packageName": "com.cocos.android",
      "apiLevel": "android-26",
      "appABIs": [],
      "useDebugKeystore": true,
      "keystorePath": "",
      "keystorePassword": "",
      "keystoreAlias": "",
      "keystoreAliasPassword": "",
      "appBundle": false,
      "androidInstant": false,
      "remoteUrl": "",
      "orientation": {
        "portrait": false,
        "upsideDown": false,
        "landscapeRight": true,
        "landscapeLeft": true
      },
      "renderBackEnd": {
        "vulkan": false,
        "gles3": true,
        "gles2": false
      }
    }
  }
}
