{
  "f46876e4-e81b-4931-b493-6d367be385e7": {
    "assetUuid": "f46876e4-e81b-4931-b493-6d367be385e7",
    "animationUuid": "",
    "expandLevels": [
      "0",
      "0_1"
    ]
  },
  "ad4100cf-9271-44d1-8ef5-7e6c3f76a128": {
    "assetUuid": "ad4100cf-9271-44d1-8ef5-7e6c3f76a128",
    "animationUuid": "",
    "expandLevels": [
      "0_1",
      "0",
      "0_1",
      "0_1_1",
      "0_1_2",
      "0_1_2_0",
      "0_1_3",
      "0_1_4",
      "0_1_1_0_0",
      "0_1_1_1_0",
      "0_1_1_2_0",
      "0_1_1_2"
    ]
  }
}
