{
  "C:\\Users\\User\\NewProject\\assets\\material.mtl.meta": {
    "time": 1745771919333.0645
  },
  "C:\\Users\\User\\NewProject\\assets\\Layer_0.png.meta": {
    "time": 1745774633909.962
  },
  "C:\\Users\\User\\NewProject\\assets\\Layer_1.png.meta": {
    "time": 1745775318802.283
  },
  "C:\\Users\\User\\NewProject\\assets\\Layer_2.png.meta": {
    "time": 1745775318929.7407
  },
  "C:\\Users\\User\\NewProject\\assets\\Layer_3.png.meta": {
    "time": 1745775319060.777
  },
  "C:\\Users\\User\\NewProject\\assets\\Layer_4.png.meta": {
    "time": 1745775319187.9675
  },
  "C:\\Users\\User\\NewProject\\assets\\Game Scene.scene.meta": {
    "time": 1745775628949.793
  },
  "C:\\Users\\User\\NewProject\\assets\\Tiny-Cowboy-2D-Character-Sprite-360x360-removebg-preview.png.meta": {
    "time": 1745776455987.6716
  },
  "C:\\Users\\User\\NewProject\\assets\\Black and White Vintage Retro Pet Shop Logo.png.meta": {
    "time": 1745777843809.5598
  },
  "C:\\Users\\User\\NewProject\\assets\\Parallax.ts.meta": {
    "time": 1745778085897.6514
  },
  "C:\\Users\\User\\NewProject\\assets\\typescript.ts.meta": {
    "time": 1745778940514.0776
  },
  "C:\\Users\\User\\NewProject\\assets\\Jump.ts.meta": {
    "time": 1745787205536.646
  },
  "C:\\Users\\User\\NewProject\\assets\\Jump animation.anim.meta": {
    "time": 1745787617903.1184
  },
  "C:\\Users\\User\\NewProject\\assets\\Jump.anim.meta": {
    "time": 1745788134869.01
  },
  "C:\\Users\\User\\NewProject\\assets\\BackgroundScroller.ts.meta": {
    "time": 1745823739040.463
  },
  "C:\\Users\\User\\NewProject\\assets\\ground.jpg.meta": {
    "time": 1745820242000.8364
  },
  "C:\\Users\\User\\NewProject\\assets\\Images.meta": {
    "time": 1745823330006.6287
  },
  "C:\\Users\\User\\NewProject\\assets\\Images": {
    "time": 1745823436736.8308,
    "uuid": "bd076661-e875-448f-a90a-5aff736b3e13",
    "missing": false
  },
  "C:\\Users\\User\\NewProject\\assets\\Images\\Layer_0.png.meta": {
    "time": 1745774633909.962
  },
  "C:\\Users\\User\\NewProject\\assets\\Images\\Layer_1.png.meta": {
    "time": 1745775318802.283
  },
  "C:\\Users\\User\\NewProject\\assets\\Images\\Layer_3.png.meta": {
    "time": 1745775319060.777
  },
  "C:\\Users\\User\\NewProject\\assets\\Images\\ground.jpg.meta": {
    "time": 1745820242000.8364
  },
  "C:\\Users\\User\\NewProject\\assets\\Images\\Layer_2.png.meta": {
    "time": 1745775318929.7407
  },
  "C:\\Users\\User\\NewProject\\assets\\Images\\Tiny-Cowboy-2D-Character-Sprite-360x360-removebg-preview.png.meta": {
    "time": 1745776455987.6716
  },
  "C:\\Users\\User\\NewProject\\assets\\Images\\Layer_4.png.meta": {
    "time": 1745775319187.9675
  },
  "C:\\Users\\User\\NewProject\\assets\\Images\\Charcter.png.meta": {
    "time": 1745823355101.7605
  },
  "C:\\Users\\User\\NewProject\\assets\\Images\\Charcter.png": {
    "time": 1745776287699.9358,
    "uuid": "34cd5192-9439-48b9-abff-97fe2ce9cded",
    "missing": false
  },
  "C:\\Users\\User\\NewProject\\assets\\Images\\Ground.png.meta": {
    "time": 1745823361629.7837
  },
  "C:\\Users\\User\\NewProject\\assets\\Images\\Ground.png": {
    "time": 1646286568000,
    "uuid": "7447b712-1e00-4e09-973f-5a7ed110b9d6",
    "missing": false
  },
  "C:\\Users\\User\\NewProject\\assets\\Images\\Near Mountains.png.meta": {
    "time": 1745823377515.62
  },
  "C:\\Users\\User\\NewProject\\assets\\Images\\Near Mountains.png": {
    "time": 1646286574000,
    "uuid": "bfad1010-2429-4d25-8ba6-fed61401bd23",
    "missing": false
  },
  "C:\\Users\\User\\NewProject\\assets\\Images\\Far Mountains.png.meta": {
    "time": 1745823390785.38
  },
  "C:\\Users\\User\\NewProject\\assets\\Images\\Far Mountains.png": {
    "time": 1646286575000,
    "uuid": "c79292f3-62f2-401a-90d9-da9082a2f1f2",
    "missing": false
  },
  "C:\\Users\\User\\NewProject\\assets\\Images\\Sky.png.meta": {
    "time": 1745823398570.8926
  },
  "C:\\Users\\User\\NewProject\\assets\\Images\\Sky.png": {
    "time": 1646286571000,
    "uuid": "dd0901e6-2a48-40f2-b2a2-c36cc3082446",
    "missing": false
  },
  "C:\\Users\\User\\NewProject\\assets\\Images\\Sun BackGround.png.meta": {
    "time": 1745823408372.287
  },
  "C:\\Users\\User\\NewProject\\assets\\Images\\Sun BackGround.png": {
    "time": 1646286575000,
    "uuid": "e0a363fc-fe36-421a-9a73-70c8b80b7fa1",
    "missing": false
  },
  "C:\\Users\\User\\NewProject\\assets\\Images\\Ground Extention.jpg.meta": {
    "time": 1745823417918.447
  },
  "C:\\Users\\User\\NewProject\\assets\\Images\\Ground Extention.jpg": {
    "time": 1745820204541.2764,
    "uuid": "9b758f67-2d92-4f8c-9eb8-d601d00b07a6",
    "missing": false
  },
  "C:\\Users\\User\\NewProject\\assets\\Jump Btn.png.meta": {
    "time": 1745823433611.7908
  },
  "C:\\Users\\User\\NewProject\\assets\\Images\\Jump Btn.png.meta": {
    "time": 1745823433611.7908
  },
  "C:\\Users\\User\\NewProject\\assets\\Images\\Jump Btn.png": {
    "time": 1745777785944.8323,
    "uuid": "c44c9193-c0bb-402b-b5d5-7205984d2e07",
    "missing": false
  },
  "C:\\Users\\User\\NewProject\\assets\\Scripts.meta": {
    "time": 1745823448923.321
  },
  "C:\\Users\\User\\NewProject\\assets\\Scripts": {
    "time": 1745824175226.049,
    "uuid": "6c8d0faf-88e5-48da-ab86-98bc11568203",
    "missing": false
  },
  "C:\\Users\\User\\NewProject\\assets\\Scripts\\BackgroundScroller.ts.meta": {
    "time": 1745788260283.172
  },
  "C:\\Users\\User\\NewProject\\assets\\Scenes.meta": {
    "time": 1745823481759.0774
  },
  "C:\\Users\\User\\NewProject\\assets\\Scenes": {
    "time": 1745823484032.9226,
    "uuid": "a0cf4373-6876-4b1c-837c-4c622be78054",
    "missing": false
  },
  "C:\\Users\\User\\NewProject\\assets\\Scenes\\Game Scene.scene.meta": {
    "time": 1745775628949.793
  },
  "C:\\Users\\User\\NewProject\\assets\\Scenes\\Game Scene.scene": {
    "time": 1745824224141.9045,
    "uuid": "ad4100cf-9271-44d1-8ef5-7e6c3f76a128",
    "missing": false
  },
  "C:\\Users\\User\\NewProject\\assets\\Scripts\\Jump.ts.meta": {
    "time": 1745787205536.646
  },
  "C:\\Users\\User\\NewProject\\assets\\Scripts\\Jump.ts": {
    "time": 1745824175205.8877,
    "uuid": "47285857-d1f7-42f2-b4bd-61000dc23e01",
    "missing": false
  },
  "C:\\Users\\User\\NewProject\\assets\\Animations.meta": {
    "time": 1745823506896.1057
  },
  "C:\\Users\\User\\NewProject\\assets\\Animations": {
    "time": 1745823509848.543,
    "uuid": "4e2b79b6-c9a5-44ad-bf1c-416010cd50ff",
    "missing": false
  },
  "C:\\Users\\User\\NewProject\\assets\\Animations\\Jump.anim.meta": {
    "time": 1745788134869.01
  },
  "C:\\Users\\User\\NewProject\\assets\\Animations\\Jump.anim": {
    "time": 1745798541865.7705,
    "uuid": "8a546a8a-4157-4384-802a-cc3fced1b401",
    "missing": false
  },
  "C:\\Users\\User\\NewProject\\assets\\Scripts\\ParallaxEffect.ts.meta": {
    "time": 1745823847008.1743
  },
  "C:\\Users\\User\\NewProject\\assets\\Scripts\\ParallaxEffect.ts": {
    "time": 1745823866076.875,
    "uuid": "3c439402-4410-49df-a8f3-255a81d1b5cf",
    "missing": false
  }
}
