{
  "C:\\ProgramData\\cocos\\editors\\Creator\\3.1.0\\resources\\resources\\3d\\engine\\editor\\assets\\chunks.meta": {
    "time": 1745596742957.8164
  },
  "C:\\ProgramData\\cocos\\editors\\Creator\\3.1.0\\resources\\resources\\3d\\engine\\editor\\assets\\chunks\\aces.chunk.meta": {
    "time": 1745596742959.9563
  },
  "C:\\ProgramData\\cocos\\editors\\Creator\\3.1.0\\resources\\resources\\3d\\engine\\editor\\assets\\chunks\\alpha-test.chunk.meta": {
    "time": 1745596742962.4675
  },
  "C:\\ProgramData\\cocos\\editors\\Creator\\3.1.0\\resources\\resources\\3d\\engine\\editor\\assets\\chunks\\cc-environment.chunk.meta": {
    "time": 1745596742962.4675
  },
  "C:\\ProgramData\\cocos\\editors\\Creator\\3.1.0\\resources\\resources\\3d\\engine\\editor\\assets\\chunks\\cc-fog-base.chunk.meta": {
    "time": 1745596742964.4736
  },
  "C:\\ProgramData\\cocos\\editors\\Creator\\3.1.0\\resources\\resources\\3d\\engine\\editor\\assets\\chunks\\cc-fog-fs.chunk.meta": {
    "time": 1745596742967.327
  },
  "C:\\ProgramData\\cocos\\editors\\Creator\\3.1.0\\resources\\resources\\3d\\engine\\editor\\assets\\chunks\\cc-fog-vs.chunk.meta": {
    "time": 1745596742969.8372
  },
  "C:\\ProgramData\\cocos\\editors\\Creator\\3.1.0\\resources\\resources\\3d\\engine\\editor\\assets\\chunks\\cc-forward-light.chunk.meta": {
    "time": 1745596742973.322
  },
  "C:\\ProgramData\\cocos\\editors\\Creator\\3.1.0\\resources\\resources\\3d\\engine\\editor\\assets\\chunks\\cc-global.chunk.meta": {
    "time": 1745596742975.9446
  },
  "C:\\ProgramData\\cocos\\editors\\Creator\\3.1.0\\resources\\resources\\3d\\engine\\editor\\assets\\chunks\\cc-local-batch.chunk.meta": {
    "time": 1745596742976.9597
  },
  "C:\\ProgramData\\cocos\\editors\\Creator\\3.1.0\\resources\\resources\\3d\\engine\\editor\\assets\\chunks\\cc-local.chunk.meta": {
    "time": 1745596742978.964
  },
  "C:\\ProgramData\\cocos\\editors\\Creator\\3.1.0\\resources\\resources\\3d\\engine\\editor\\assets\\chunks\\cc-shadow-map-base.chunk.meta": {
    "time": 1745596742981.2246
  },
  "C:\\ProgramData\\cocos\\editors\\Creator\\3.1.0\\resources\\resources\\3d\\engine\\editor\\assets\\chunks\\cc-shadow-map-fs.chunk.meta": {
    "time": 1745596742982.7322
  },
  "C:\\ProgramData\\cocos\\editors\\Creator\\3.1.0\\resources\\resources\\3d\\engine\\editor\\assets\\chunks\\cc-shadow-map-vs.chunk.meta": {
    "time": 1745596742982.7322
  },
  "C:\\ProgramData\\cocos\\editors\\Creator\\3.1.0\\resources\\resources\\3d\\engine\\editor\\assets\\chunks\\cc-shadow.chunk.meta": {
    "time": 1745596742986.6643
  },
  "C:\\ProgramData\\cocos\\editors\\Creator\\3.1.0\\resources\\resources\\3d\\engine\\editor\\assets\\chunks\\cc-skinning.chunk.meta": {
    "time": 1745596742989.0647
  },
  "C:\\ProgramData\\cocos\\editors\\Creator\\3.1.0\\resources\\resources\\3d\\engine\\editor\\assets\\chunks\\cc-sprite-texture.chunk.meta": {
    "time": 1745596742991.0776
  },
  "C:\\ProgramData\\cocos\\editors\\Creator\\3.1.0\\resources\\resources\\3d\\engine\\editor\\assets\\chunks\\common.chunk.meta": {
    "time": 1745596742991.0776
  },
  "C:\\ProgramData\\cocos\\editors\\Creator\\3.1.0\\resources\\resources\\3d\\engine\\editor\\assets\\chunks\\decode-base.chunk.meta": {
    "time": 1745596742991.0776
  },
  "C:\\ProgramData\\cocos\\editors\\Creator\\3.1.0\\resources\\resources\\3d\\engine\\editor\\assets\\chunks\\decode-standard.chunk.meta": {
    "time": 1745596742996.067
  },
  "C:\\ProgramData\\cocos\\editors\\Creator\\3.1.0\\resources\\resources\\3d\\engine\\editor\\assets\\chunks\\decode.chunk.meta": {
    "time": 1745596742998.6006
  },
  "C:\\ProgramData\\cocos\\editors\\Creator\\3.1.0\\resources\\resources\\3d\\engine\\editor\\assets\\chunks\\deprecated.chunk.meta": {
    "time": 1745596743000.6062
  },
  "C:\\ProgramData\\cocos\\editors\\Creator\\3.1.0\\resources\\resources\\3d\\engine\\editor\\assets\\chunks\\embedded-alpha.chunk.meta": {
    "time": 1745596743002.6123
  },
  "C:\\ProgramData\\cocos\\editors\\Creator\\3.1.0\\resources\\resources\\3d\\engine\\editor\\assets\\chunks\\gamma.chunk.meta": {
    "time": 1745596743005.345
  },
  "C:\\ProgramData\\cocos\\editors\\Creator\\3.1.0\\resources\\resources\\3d\\engine\\editor\\assets\\chunks\\general-vs.chunk.meta": {
    "time": 1745596743006.392
  },
  "C:\\ProgramData\\cocos\\editors\\Creator\\3.1.0\\resources\\resources\\3d\\engine\\editor\\assets\\chunks\\input-standard.chunk.meta": {
    "time": 1745596743008.3208
  },
  "C:\\ProgramData\\cocos\\editors\\Creator\\3.1.0\\resources\\resources\\3d\\engine\\editor\\assets\\chunks\\input.chunk.meta": {
    "time": 1745596743008.3208
  },
  "C:\\ProgramData\\cocos\\editors\\Creator\\3.1.0\\resources\\resources\\3d\\engine\\editor\\assets\\chunks\\lighting.chunk.meta": {
    "time": 1745596743012.3188
  },
  "C:\\ProgramData\\cocos\\editors\\Creator\\3.1.0\\resources\\resources\\3d\\engine\\editor\\assets\\chunks\\lightingmap-fs.chunk.meta": {
    "time": 1745596743014.408
  },
  "C:\\ProgramData\\cocos\\editors\\Creator\\3.1.0\\resources\\resources\\3d\\engine\\editor\\assets\\chunks\\lightingmap-vs.chunk.meta": {
    "time": 1745596743016.0671
  },
  "C:\\ProgramData\\cocos\\editors\\Creator\\3.1.0\\resources\\resources\\3d\\engine\\editor\\assets\\chunks\\morph.chunk.meta": {
    "time": 1745596743018.0735
  },
  "C:\\ProgramData\\cocos\\editors\\Creator\\3.1.0\\resources\\resources\\3d\\engine\\editor\\assets\\chunks\\outline-fs.chunk.meta": {
    "time": 1745596743018.0735
  },
  "C:\\ProgramData\\cocos\\editors\\Creator\\3.1.0\\resources\\resources\\3d\\engine\\editor\\assets\\chunks\\outline-vs.chunk.meta": {
    "time": 1745596743021.361
  },
  "C:\\ProgramData\\cocos\\editors\\Creator\\3.1.0\\resources\\resources\\3d\\engine\\editor\\assets\\chunks\\output-standard.chunk.meta": {
    "time": 1745596743023.8906
  },
  "C:\\ProgramData\\cocos\\editors\\Creator\\3.1.0\\resources\\resources\\3d\\engine\\editor\\assets\\chunks\\output.chunk.meta": {
    "time": 1745596743024.3977
  },
  "C:\\ProgramData\\cocos\\editors\\Creator\\3.1.0\\resources\\resources\\3d\\engine\\editor\\assets\\chunks\\packing.chunk.meta": {
    "time": 1745596743026.4033
  },
  "C:\\ProgramData\\cocos\\editors\\Creator\\3.1.0\\resources\\resources\\3d\\engine\\editor\\assets\\chunks\\particle-common.chunk.meta": {
    "time": 1745596743029.0586
  },
  "C:\\ProgramData\\cocos\\editors\\Creator\\3.1.0\\resources\\resources\\3d\\engine\\editor\\assets\\chunks\\particle-trail.chunk.meta": {
    "time": 1745596743031.0078
  },
  "C:\\ProgramData\\cocos\\editors\\Creator\\3.1.0\\resources\\resources\\3d\\engine\\editor\\assets\\chunks\\particle-vs-gpu.chunk.meta": {
    "time": 1745596743032.8025
  },
  "C:\\ProgramData\\cocos\\editors\\Creator\\3.1.0\\resources\\resources\\3d\\engine\\editor\\assets\\chunks\\particle-vs-legacy.chunk.meta": {
    "time": 1745596743034.8074
  },
  "C:\\ProgramData\\cocos\\editors\\Creator\\3.1.0\\resources\\resources\\3d\\engine\\editor\\assets\\chunks\\rect-area-light.chunk.meta": {
    "time": 1745596743034.8074
  },
  "C:\\ProgramData\\cocos\\editors\\Creator\\3.1.0\\resources\\resources\\3d\\engine\\editor\\assets\\chunks\\shading-standard-additive.chunk.meta": {
    "time": 1745596743038.525
  },
  "C:\\ProgramData\\cocos\\editors\\Creator\\3.1.0\\resources\\resources\\3d\\engine\\editor\\assets\\chunks\\shading-standard-base.chunk.meta": {
    "time": 1745596743040.8645
  },
  "C:\\ProgramData\\cocos\\editors\\Creator\\3.1.0\\resources\\resources\\3d\\engine\\editor\\assets\\chunks\\shading-standard.chunk.meta": {
    "time": 1745596743042.869
  },
  "C:\\ProgramData\\cocos\\editors\\Creator\\3.1.0\\resources\\resources\\3d\\engine\\editor\\assets\\chunks\\shading-toon.chunk.meta": {
    "time": 1745596743042.869
  },
  "C:\\ProgramData\\cocos\\editors\\Creator\\3.1.0\\resources\\resources\\3d\\engine\\editor\\assets\\chunks\\skinning-dqs.chunk.meta": {
    "time": 1745596743044.8755
  },
  "C:\\ProgramData\\cocos\\editors\\Creator\\3.1.0\\resources\\resources\\3d\\engine\\editor\\assets\\chunks\\skinning-lbs.chunk.meta": {
    "time": 1745596743046.6206
  },
  "C:\\ProgramData\\cocos\\editors\\Creator\\3.1.0\\resources\\resources\\3d\\engine\\editor\\assets\\chunks\\standard-surface-entry.chunk.meta": {
    "time": 1745596743048.6262
  },
  "C:\\ProgramData\\cocos\\editors\\Creator\\3.1.0\\resources\\resources\\3d\\engine\\editor\\assets\\chunks\\texture-lod.chunk.meta": {
    "time": 1745596743051.7864
  },
  "C:\\ProgramData\\cocos\\editors\\Creator\\3.1.0\\resources\\resources\\3d\\engine\\editor\\assets\\chunks\\transform.chunk.meta": {
    "time": 1745596743052.2925
  },
  "C:\\ProgramData\\cocos\\editors\\Creator\\3.1.0\\resources\\resources\\3d\\engine\\editor\\assets\\chunks\\unpack.chunk.meta": {
    "time": 1745596743054.298
  },
  "C:\\ProgramData\\cocos\\editors\\Creator\\3.1.0\\resources\\resources\\3d\\engine\\editor\\assets\\default-material-transparent.mtl.meta": {
    "time": 1745596743056.3032
  },
  "C:\\ProgramData\\cocos\\editors\\Creator\\3.1.0\\resources\\resources\\3d\\engine\\editor\\assets\\default-material.mtl.meta": {
    "time": 1745596743059.2341
  },
  "C:\\ProgramData\\cocos\\editors\\Creator\\3.1.0\\resources\\resources\\3d\\engine\\editor\\assets\\default-terrain.meta": {
    "time": 1745596743062.36
  },
  "C:\\ProgramData\\cocos\\editors\\Creator\\3.1.0\\resources\\resources\\3d\\engine\\editor\\assets\\default-video.mp4.meta": {
    "time": 1745596743071.8945
  },
  "C:\\ProgramData\\cocos\\editors\\Creator\\3.1.0\\resources\\resources\\3d\\engine\\editor\\assets\\default_cubemap.meta": {
    "time": 1745596743071.8945
  },
  "C:\\ProgramData\\cocos\\editors\\Creator\\3.1.0\\resources\\resources\\3d\\engine\\editor\\assets\\default_file_content.meta": {
    "time": 1745596743086.9082
  },
  "C:\\ProgramData\\cocos\\editors\\Creator\\3.1.0\\resources\\resources\\3d\\engine\\editor\\assets\\default_prefab.meta": {
    "time": 1745596743124.4192
  },
  "C:\\ProgramData\\cocos\\editors\\Creator\\3.1.0\\resources\\resources\\3d\\engine\\editor\\assets\\default_prefab\\3d.meta": {
    "time": 1745596743124.4192
  },
  "C:\\ProgramData\\cocos\\editors\\Creator\\3.1.0\\resources\\resources\\3d\\engine\\editor\\assets\\default_prefab\\3d\\Capsule.prefab.meta": {
    "time": 1745596743126.5984
  },
  "C:\\ProgramData\\cocos\\editors\\Creator\\3.1.0\\resources\\resources\\3d\\engine\\editor\\assets\\default_prefab\\3d\\Cone.prefab.meta": {
    "time": 1745596743128.343
  },
  "C:\\ProgramData\\cocos\\editors\\Creator\\3.1.0\\resources\\resources\\3d\\engine\\editor\\assets\\default_prefab\\3d\\Cube.prefab.meta": {
    "time": 1745596743131.1353
  },
  "C:\\ProgramData\\cocos\\editors\\Creator\\3.1.0\\resources\\resources\\3d\\engine\\editor\\assets\\default_prefab\\3d\\Cylinder.prefab.meta": {
    "time": 1745596743132.3015
  },
  "C:\\ProgramData\\cocos\\editors\\Creator\\3.1.0\\resources\\resources\\3d\\engine\\editor\\assets\\default_prefab\\3d\\Plane.prefab.meta": {
    "time": 1745596743136.39
  },
  "C:\\ProgramData\\cocos\\editors\\Creator\\3.1.0\\resources\\resources\\3d\\engine\\editor\\assets\\default_prefab\\3d\\Quad.prefab.meta": {
    "time": 1745596743139.5825
  },
  "C:\\ProgramData\\cocos\\editors\\Creator\\3.1.0\\resources\\resources\\3d\\engine\\editor\\assets\\default_prefab\\3d\\Sphere.prefab.meta": {
    "time": 1745596743139.5825
  },
  "C:\\ProgramData\\cocos\\editors\\Creator\\3.1.0\\resources\\resources\\3d\\engine\\editor\\assets\\default_prefab\\3d\\Torus.prefab.meta": {
    "time": 1745596743139.5825
  },
  "C:\\ProgramData\\cocos\\editors\\Creator\\3.1.0\\resources\\resources\\3d\\engine\\editor\\assets\\default_prefab\\Camera.prefab.meta": {
    "time": 1745596743145.611
  },
  "C:\\ProgramData\\cocos\\editors\\Creator\\3.1.0\\resources\\resources\\3d\\engine\\editor\\assets\\default_prefab\\effects.meta": {
    "time": 1745596743146.1167
  },
  "C:\\ProgramData\\cocos\\editors\\Creator\\3.1.0\\resources\\resources\\3d\\engine\\editor\\assets\\default_prefab\\effects\\Particle System.prefab.meta": {
    "time": 1745596743148.301
  },
  "C:\\ProgramData\\cocos\\editors\\Creator\\3.1.0\\resources\\resources\\3d\\engine\\editor\\assets\\default_prefab\\light.meta": {
    "time": 1745596743148.301
  },
  "C:\\ProgramData\\cocos\\editors\\Creator\\3.1.0\\resources\\resources\\3d\\engine\\editor\\assets\\default_prefab\\light\\Directional Light.prefab.meta": {
    "time": 1745596743148.301
  },
  "C:\\ProgramData\\cocos\\editors\\Creator\\3.1.0\\resources\\resources\\3d\\engine\\editor\\assets\\default_prefab\\light\\Sphere Light.prefab.meta": {
    "time": 1745596743152.768
  },
  "C:\\ProgramData\\cocos\\editors\\Creator\\3.1.0\\resources\\resources\\3d\\engine\\editor\\assets\\default_prefab\\light\\Spot Light.prefab.meta": {
    "time": 1745596743152.768
  },
  "C:\\ProgramData\\cocos\\editors\\Creator\\3.1.0\\resources\\resources\\3d\\engine\\editor\\assets\\default_prefab\\Terrain.prefab.meta": {
    "time": 1745596743155.4463
  },
  "C:\\ProgramData\\cocos\\editors\\Creator\\3.1.0\\resources\\resources\\3d\\engine\\editor\\assets\\default_prefab\\ui.meta": {
    "time": 1745596743155.4463
  },
  "C:\\ProgramData\\cocos\\editors\\Creator\\3.1.0\\resources\\resources\\3d\\engine\\editor\\assets\\default_prefab\\ui\\Button.prefab.meta": {
    "time": 1745596743157.7039
  },
  "C:\\ProgramData\\cocos\\editors\\Creator\\3.1.0\\resources\\resources\\3d\\engine\\editor\\assets\\default_prefab\\ui\\Canvas.prefab.meta": {
    "time": 1745596743157.7039
  },
  "C:\\ProgramData\\cocos\\editors\\Creator\\3.1.0\\resources\\resources\\3d\\engine\\editor\\assets\\default_prefab\\ui\\EditBox.prefab.meta": {
    "time": 1745596743160.9536
  },
  "C:\\ProgramData\\cocos\\editors\\Creator\\3.1.0\\resources\\resources\\3d\\engine\\editor\\assets\\default_prefab\\ui\\Graphics.prefab.meta": {
    "time": 1745596743160.9536
  },
  "C:\\ProgramData\\cocos\\editors\\Creator\\3.1.0\\resources\\resources\\3d\\engine\\editor\\assets\\default_prefab\\ui\\Label.prefab.meta": {
    "time": 1745596743164.2961
  },
  "C:\\ProgramData\\cocos\\editors\\Creator\\3.1.0\\resources\\resources\\3d\\engine\\editor\\assets\\default_prefab\\ui\\Layout.prefab.meta": {
    "time": 1745596743165.9692
  },
  "C:\\ProgramData\\cocos\\editors\\Creator\\3.1.0\\resources\\resources\\3d\\engine\\editor\\assets\\default_prefab\\ui\\Mask.prefab.meta": {
    "time": 1745596743167.973
  },
  "C:\\ProgramData\\cocos\\editors\\Creator\\3.1.0\\resources\\resources\\3d\\engine\\editor\\assets\\default_prefab\\ui\\pageView.prefab.meta": {
    "time": 1745596743169.2214
  },
  "C:\\ProgramData\\cocos\\editors\\Creator\\3.1.0\\resources\\resources\\3d\\engine\\editor\\assets\\default_prefab\\ui\\ParticleSystem2D.prefab.meta": {
    "time": 1745596743172.027
  },
  "C:\\ProgramData\\cocos\\editors\\Creator\\3.1.0\\resources\\resources\\3d\\engine\\editor\\assets\\default_prefab\\ui\\ProgressBar.prefab.meta": {
    "time": 1745596743173.5222
  },
  "C:\\ProgramData\\cocos\\editors\\Creator\\3.1.0\\resources\\resources\\3d\\engine\\editor\\assets\\default_prefab\\ui\\RichText.prefab.meta": {
    "time": 1745596743174.772
  },
  "C:\\ProgramData\\cocos\\editors\\Creator\\3.1.0\\resources\\resources\\3d\\engine\\editor\\assets\\default_prefab\\ui\\ScrollView.prefab.meta": {
    "time": 1745596743175.8662
  },
  "C:\\ProgramData\\cocos\\editors\\Creator\\3.1.0\\resources\\resources\\3d\\engine\\editor\\assets\\default_prefab\\ui\\Slider.prefab.meta": {
    "time": 1745596743177.0725
  },
  "C:\\ProgramData\\cocos\\editors\\Creator\\3.1.0\\resources\\resources\\3d\\engine\\editor\\assets\\default_prefab\\ui\\Sprite.prefab.meta": {
    "time": 1745596743179.5574
  },
  "C:\\ProgramData\\cocos\\editors\\Creator\\3.1.0\\resources\\resources\\3d\\engine\\editor\\assets\\default_prefab\\ui\\SpriteSplash.prefab.meta": {
    "time": 1745596743180.9768
  },
  "C:\\ProgramData\\cocos\\editors\\Creator\\3.1.0\\resources\\resources\\3d\\engine\\editor\\assets\\default_prefab\\ui\\TiledMap.prefab.meta": {
    "time": 1745596743182.3037
  },
  "C:\\ProgramData\\cocos\\editors\\Creator\\3.1.0\\resources\\resources\\3d\\engine\\editor\\assets\\default_prefab\\ui\\Toggle.prefab.meta": {
    "time": 1745596743183.651
  },
  "C:\\ProgramData\\cocos\\editors\\Creator\\3.1.0\\resources\\resources\\3d\\engine\\editor\\assets\\default_prefab\\ui\\ToggleContainer.prefab.meta": {
    "time": 1745596743185.927
  },
  "C:\\ProgramData\\cocos\\editors\\Creator\\3.1.0\\resources\\resources\\3d\\engine\\editor\\assets\\default_prefab\\ui\\VideoPlayer.prefab.meta": {
    "time": 1745596743187.0515
  },
  "C:\\ProgramData\\cocos\\editors\\Creator\\3.1.0\\resources\\resources\\3d\\engine\\editor\\assets\\default_prefab\\ui\\WebView.prefab.meta": {
    "time": 1745596743189.034
  },
  "C:\\ProgramData\\cocos\\editors\\Creator\\3.1.0\\resources\\resources\\3d\\engine\\editor\\assets\\default_prefab\\ui\\Widget.prefab.meta": {
    "time": 1745596743190.1584
  },
  "C:\\ProgramData\\cocos\\editors\\Creator\\3.1.0\\resources\\resources\\3d\\engine\\editor\\assets\\default_renderpipeline.meta": {
    "time": 1745596743191.679
  },
  "C:\\ProgramData\\cocos\\editors\\Creator\\3.1.0\\resources\\resources\\3d\\engine\\editor\\assets\\default_renderpipeline\\builtin-deferred.rpp.meta": {
    "time": 1745596743193.186
  },
  "C:\\ProgramData\\cocos\\editors\\Creator\\3.1.0\\resources\\resources\\3d\\engine\\editor\\assets\\default_renderpipeline\\builtin-forward.rpp.meta": {
    "time": 1745596743194.1938
  },
  "C:\\ProgramData\\cocos\\editors\\Creator\\3.1.0\\resources\\resources\\3d\\engine\\editor\\assets\\default_renderpipeline\\deferred-lighting.mtl.meta": {
    "time": 1745596743195.388
  },
  "C:\\ProgramData\\cocos\\editors\\Creator\\3.1.0\\resources\\resources\\3d\\engine\\editor\\assets\\default_renderpipeline\\post-process.mtl.meta": {
    "time": 1745596743195.388
  },
  "C:\\ProgramData\\cocos\\editors\\Creator\\3.1.0\\resources\\resources\\3d\\engine\\editor\\assets\\default_renderpipeline\\tonemap.mtl.meta": {
    "time": 1745596743199.623
  },
  "C:\\ProgramData\\cocos\\editors\\Creator\\3.1.0\\resources\\resources\\3d\\engine\\editor\\assets\\default_ui.meta": {
    "time": 1745596743201.367
  },
  "C:\\ProgramData\\cocos\\editors\\Creator\\3.1.0\\resources\\resources\\3d\\engine\\editor\\assets\\effects.meta": {
    "time": 1745596743235.6326
  },
  "C:\\ProgramData\\cocos\\editors\\Creator\\3.1.0\\resources\\resources\\3d\\engine\\editor\\assets\\effects\\builtin-billboard.effect.meta": {
    "time": 1745596743235.6326
  },
  "C:\\ProgramData\\cocos\\editors\\Creator\\3.1.0\\resources\\resources\\3d\\engine\\editor\\assets\\effects\\builtin-clear-stencil.effect.meta": {
    "time": 1745596743237.6362
  },
  "C:\\ProgramData\\cocos\\editors\\Creator\\3.1.0\\resources\\resources\\3d\\engine\\editor\\assets\\effects\\builtin-graphics.effect.meta": {
    "time": 1745596743239.6401
  },
  "C:\\ProgramData\\cocos\\editors\\Creator\\3.1.0\\resources\\resources\\3d\\engine\\editor\\assets\\effects\\builtin-particle-gpu.effect.meta": {
    "time": 1745596743242.0825
  },
  "C:\\ProgramData\\cocos\\editors\\Creator\\3.1.0\\resources\\resources\\3d\\engine\\editor\\assets\\effects\\builtin-particle-trail.effect.meta": {
    "time": 1745596743243.088
  },
  "C:\\ProgramData\\cocos\\editors\\Creator\\3.1.0\\resources\\resources\\3d\\engine\\editor\\assets\\effects\\builtin-particle.effect.meta": {
    "time": 1745596743245.093
  },
  "C:\\ProgramData\\cocos\\editors\\Creator\\3.1.0\\resources\\resources\\3d\\engine\\editor\\assets\\effects\\builtin-spine.effect.meta": {
    "time": 1745596743245.093
  },
  "C:\\ProgramData\\cocos\\editors\\Creator\\3.1.0\\resources\\resources\\3d\\engine\\editor\\assets\\effects\\builtin-sprite.effect.meta": {
    "time": 1745596743249.365
  },
  "C:\\ProgramData\\cocos\\editors\\Creator\\3.1.0\\resources\\resources\\3d\\engine\\editor\\assets\\effects\\builtin-standard.effect.meta": {
    "time": 1745596743251.1091
  },
  "C:\\ProgramData\\cocos\\editors\\Creator\\3.1.0\\resources\\resources\\3d\\engine\\editor\\assets\\effects\\builtin-terrain.effect.meta": {
    "time": 1745596743251.1091
  },
  "C:\\ProgramData\\cocos\\editors\\Creator\\3.1.0\\resources\\resources\\3d\\engine\\editor\\assets\\effects\\builtin-toon.effect.meta": {
    "time": 1745596743255.379
  },
  "C:\\ProgramData\\cocos\\editors\\Creator\\3.1.0\\resources\\resources\\3d\\engine\\editor\\assets\\effects\\builtin-unlit.effect.meta": {
    "time": 1745596743255.885
  },
  "C:\\ProgramData\\cocos\\editors\\Creator\\3.1.0\\resources\\resources\\3d\\engine\\editor\\assets\\effects\\builtin-wireframe.effect.meta": {
    "time": 1745596743257.8887
  },
  "C:\\ProgramData\\cocos\\editors\\Creator\\3.1.0\\resources\\resources\\3d\\engine\\editor\\assets\\effects\\editor.meta": {
    "time": 1745596743259.3953
  },
  "C:\\ProgramData\\cocos\\editors\\Creator\\3.1.0\\resources\\resources\\3d\\engine\\editor\\assets\\effects\\editor\\gizmo.effect.meta": {
    "time": 1745596743259.3953
  },
  "C:\\ProgramData\\cocos\\editors\\Creator\\3.1.0\\resources\\resources\\3d\\engine\\editor\\assets\\effects\\editor\\grid-2d.effect.meta": {
    "time": 1745596743261.3994
  },
  "C:\\ProgramData\\cocos\\editors\\Creator\\3.1.0\\resources\\resources\\3d\\engine\\editor\\assets\\effects\\editor\\grid-stroke.effect.meta": {
    "time": 1745596743263.9463
  },
  "C:\\ProgramData\\cocos\\editors\\Creator\\3.1.0\\resources\\resources\\3d\\engine\\editor\\assets\\effects\\editor\\grid.effect.meta": {
    "time": 1745596743263.9463
  },
  "C:\\ProgramData\\cocos\\editors\\Creator\\3.1.0\\resources\\resources\\3d\\engine\\editor\\assets\\effects\\editor\\light.effect.meta": {
    "time": 1745596743267.5146
  },
  "C:\\ProgramData\\cocos\\editors\\Creator\\3.1.0\\resources\\resources\\3d\\engine\\editor\\assets\\effects\\editor\\terrain-circle-brush.effect.meta": {
    "time": 1745596743269.6594
  },
  "C:\\ProgramData\\cocos\\editors\\Creator\\3.1.0\\resources\\resources\\3d\\engine\\editor\\assets\\effects\\editor\\terrain-image-brush.effect.meta": {
    "time": 1745596743271.35
  },
  "C:\\ProgramData\\cocos\\editors\\Creator\\3.1.0\\resources\\resources\\3d\\engine\\editor\\assets\\effects\\pipeline.meta": {
    "time": 1745596743272.7466
  },
  "C:\\ProgramData\\cocos\\editors\\Creator\\3.1.0\\resources\\resources\\3d\\engine\\editor\\assets\\effects\\pipeline\\deferred-lighting.effect.meta": {
    "time": 1745596743275.526
  },
  "C:\\ProgramData\\cocos\\editors\\Creator\\3.1.0\\resources\\resources\\3d\\engine\\editor\\assets\\effects\\pipeline\\planar-shadow.effect.meta": {
    "time": 1745596743275.526
  },
  "C:\\ProgramData\\cocos\\editors\\Creator\\3.1.0\\resources\\resources\\3d\\engine\\editor\\assets\\effects\\pipeline\\post-process.effect.meta": {
    "time": 1745596743277.4036
  },
  "C:\\ProgramData\\cocos\\editors\\Creator\\3.1.0\\resources\\resources\\3d\\engine\\editor\\assets\\effects\\pipeline\\skybox.effect.meta": {
    "time": 1745596743279.4087
  },
  "C:\\ProgramData\\cocos\\editors\\Creator\\3.1.0\\resources\\resources\\3d\\engine\\editor\\assets\\effects\\pipeline\\smaa.effect.meta": {
    "time": 1745596743279.4087
  },
  "C:\\ProgramData\\cocos\\editors\\Creator\\3.1.0\\resources\\resources\\3d\\engine\\editor\\assets\\effects\\pipeline\\tonemap.effect.meta": {
    "time": 1745596743283.6377
  },
  "C:\\ProgramData\\cocos\\editors\\Creator\\3.1.0\\resources\\resources\\3d\\engine\\editor\\assets\\effects\\util.meta": {
    "time": 1745596743283.6377
  },
  "C:\\ProgramData\\cocos\\editors\\Creator\\3.1.0\\resources\\resources\\3d\\engine\\editor\\assets\\effects\\util\\batched-unlit.effect.meta": {
    "time": 1745596743283.6377
  },
  "C:\\ProgramData\\cocos\\editors\\Creator\\3.1.0\\resources\\resources\\3d\\engine\\editor\\assets\\effects\\util\\profiler.effect.meta": {
    "time": 1745596743283.6377
  },
  "C:\\ProgramData\\cocos\\editors\\Creator\\3.1.0\\resources\\resources\\3d\\engine\\editor\\assets\\effects\\util\\sequence-anim.effect.meta": {
    "time": 1745596743283.6377
  },
  "C:\\ProgramData\\cocos\\editors\\Creator\\3.1.0\\resources\\resources\\3d\\engine\\editor\\assets\\effects\\util\\splash-screen.effect.meta": {
    "time": 1745596743291.7002
  },
  "C:\\ProgramData\\cocos\\editors\\Creator\\3.1.0\\resources\\resources\\3d\\engine\\editor\\assets\\gizmo.meta": {
    "time": 1745596743293.543
  },
  "C:\\ProgramData\\cocos\\editors\\Creator\\3.1.0\\resources\\resources\\3d\\engine\\editor\\assets\\gizmo\\scene-gizmo.mtl.meta": {
    "time": 1745596743300.1233
  },
  "C:\\ProgramData\\cocos\\editors\\Creator\\3.1.0\\resources\\resources\\3d\\engine\\editor\\assets\\particle-add.mtl.meta": {
    "time": 1745596743304.1328
  },
  "C:\\ProgramData\\cocos\\editors\\Creator\\3.1.0\\resources\\resources\\3d\\engine\\editor\\assets\\primitives.fbx.meta": {
    "time": 1745596743311.665
  },
  "C:\\ProgramData\\cocos\\editors\\Creator\\3.1.0\\resources\\resources\\3d\\engine\\editor\\assets\\ui-sprite-material.mtl.meta": {
    "time": 1745596743313.6716
  },
  "C:\\ProgramData\\cocos\\editors\\Creator\\3.1.0\\resources\\resources\\3d\\engine\\editor\\assets\\Default-Particle.png.meta": {
    "time": 1745596743060.3513
  },
  "C:\\ProgramData\\cocos\\editors\\Creator\\3.1.0\\resources\\resources\\3d\\engine\\editor\\assets\\default-terrain\\default-layer-texture.jpg.meta": {
    "time": 1745596743062.36
  },
  "C:\\ProgramData\\cocos\\editors\\Creator\\3.1.0\\resources\\resources\\3d\\engine\\editor\\assets\\default_cubemap\\back.jpg.meta": {
    "time": 1745596743071.8945
  },
  "C:\\ProgramData\\cocos\\editors\\Creator\\3.1.0\\resources\\resources\\3d\\engine\\editor\\assets\\default_cubemap\\bottom.jpg.meta": {
    "time": 1745596743078.854
  },
  "C:\\ProgramData\\cocos\\editors\\Creator\\3.1.0\\resources\\resources\\3d\\engine\\editor\\assets\\default_cubemap\\front.jpg.meta": {
    "time": 1745596743080.4133
  },
  "C:\\ProgramData\\cocos\\editors\\Creator\\3.1.0\\resources\\resources\\3d\\engine\\editor\\assets\\default_cubemap\\left.jpg.meta": {
    "time": 1745596743082.4211
  },
  "C:\\ProgramData\\cocos\\editors\\Creator\\3.1.0\\resources\\resources\\3d\\engine\\editor\\assets\\default_cubemap\\right.jpg.meta": {
    "time": 1745596743084.4275
  },
  "C:\\ProgramData\\cocos\\editors\\Creator\\3.1.0\\resources\\resources\\3d\\engine\\editor\\assets\\default_cubemap\\top.jpg.meta": {
    "time": 1745596743084.4275
  },
  "C:\\ProgramData\\cocos\\editors\\Creator\\3.1.0\\resources\\resources\\3d\\engine\\editor\\assets\\default_file_content\\anim.meta": {
    "time": 1745596743086.9082
  },
  "C:\\ProgramData\\cocos\\editors\\Creator\\3.1.0\\resources\\resources\\3d\\engine\\editor\\assets\\default_file_content\\chunk.meta": {
    "time": 1745596743092.0088
  },
  "C:\\ProgramData\\cocos\\editors\\Creator\\3.1.0\\resources\\resources\\3d\\engine\\editor\\assets\\default_file_content\\effect.meta": {
    "time": 1745596743094.0137
  },
  "C:\\ProgramData\\cocos\\editors\\Creator\\3.1.0\\resources\\resources\\3d\\engine\\editor\\assets\\default_file_content\\flow.meta": {
    "time": 1745596743095.15
  },
  "C:\\ProgramData\\cocos\\editors\\Creator\\3.1.0\\resources\\resources\\3d\\engine\\editor\\assets\\default_file_content\\forward-pipeline.meta": {
    "time": 1745596743096.2124
  },
  "C:\\ProgramData\\cocos\\editors\\Creator\\3.1.0\\resources\\resources\\3d\\engine\\editor\\assets\\default_file_content\\js.meta": {
    "time": 1745596743098.2166
  },
  "C:\\ProgramData\\cocos\\editors\\Creator\\3.1.0\\resources\\resources\\3d\\engine\\editor\\assets\\default_file_content\\mtl.meta": {
    "time": 1745596743098.2166
  },
  "C:\\ProgramData\\cocos\\editors\\Creator\\3.1.0\\resources\\resources\\3d\\engine\\editor\\assets\\default_file_content\\pac.meta": {
    "time": 1745596743098.2166
  },
  "C:\\ProgramData\\cocos\\editors\\Creator\\3.1.0\\resources\\resources\\3d\\engine\\editor\\assets\\default_file_content\\pmtl.meta": {
    "time": 1745596743103.4385
  },
  "C:\\ProgramData\\cocos\\editors\\Creator\\3.1.0\\resources\\resources\\3d\\engine\\editor\\assets\\default_file_content\\rpp.meta": {
    "time": 1745596743103.4385
  },
  "C:\\ProgramData\\cocos\\editors\\Creator\\3.1.0\\resources\\resources\\3d\\engine\\editor\\assets\\default_file_content\\rt.meta": {
    "time": 1745596743110.7185
  },
  "C:\\ProgramData\\cocos\\editors\\Creator\\3.1.0\\resources\\resources\\3d\\engine\\editor\\assets\\default_file_content\\scene.meta": {
    "time": 1745596743111.7217
  },
  "C:\\ProgramData\\cocos\\editors\\Creator\\3.1.0\\resources\\resources\\3d\\engine\\editor\\assets\\default_file_content\\stg.meta": {
    "time": 1745596743113.1672
  },
  "C:\\ProgramData\\cocos\\editors\\Creator\\3.1.0\\resources\\resources\\3d\\engine\\editor\\assets\\default_file_content\\terrain.meta": {
    "time": 1745596743113.1672
  },
  "C:\\ProgramData\\cocos\\editors\\Creator\\3.1.0\\resources\\resources\\3d\\engine\\editor\\assets\\default_file_content\\ts.meta": {
    "time": 1745596743122.213
  },
  "C:\\ProgramData\\cocos\\editors\\Creator\\3.1.0\\resources\\resources\\3d\\engine\\editor\\assets\\default_file_content\\ts-render-flow.meta": {
    "time": 1745596743117.1775
  },
  "C:\\ProgramData\\cocos\\editors\\Creator\\3.1.0\\resources\\resources\\3d\\engine\\editor\\assets\\default_file_content\\ts-render-pipeline.meta": {
    "time": 1745596743117.1775
  },
  "C:\\ProgramData\\cocos\\editors\\Creator\\3.1.0\\resources\\resources\\3d\\engine\\editor\\assets\\default_file_content\\ts-render-stage.meta": {
    "time": 1745596743120.0886
  },
  "C:\\ProgramData\\cocos\\editors\\Creator\\3.1.0\\resources\\resources\\3d\\engine\\editor\\assets\\default_ui\\atom.png.meta": {
    "time": 1745596743201.367
  },
  "C:\\ProgramData\\cocos\\editors\\Creator\\3.1.0\\resources\\resources\\3d\\engine\\editor\\assets\\default_ui\\default_btn_disabled.png.meta": {
    "time": 1745596743205.703
  },
  "C:\\ProgramData\\cocos\\editors\\Creator\\3.1.0\\resources\\resources\\3d\\engine\\editor\\assets\\default_ui\\default_btn_normal.png.meta": {
    "time": 1745596743207.4963
  },
  "C:\\ProgramData\\cocos\\editors\\Creator\\3.1.0\\resources\\resources\\3d\\engine\\editor\\assets\\default_ui\\default_btn_pressed.png.meta": {
    "time": 1745596743208.603
  },
  "C:\\ProgramData\\cocos\\editors\\Creator\\3.1.0\\resources\\resources\\3d\\engine\\editor\\assets\\default_ui\\default_editbox_bg.png.meta": {
    "time": 1745596743210.1663
  },
  "C:\\ProgramData\\cocos\\editors\\Creator\\3.1.0\\resources\\resources\\3d\\engine\\editor\\assets\\default_ui\\default_panel.png.meta": {
    "time": 1745596743211.279
  },
  "C:\\ProgramData\\cocos\\editors\\Creator\\3.1.0\\resources\\resources\\3d\\engine\\editor\\assets\\default_ui\\default_progressbar.png.meta": {
    "time": 1745596743211.279
  },
  "C:\\ProgramData\\cocos\\editors\\Creator\\3.1.0\\resources\\resources\\3d\\engine\\editor\\assets\\default_ui\\default_progressbar_bg.png.meta": {
    "time": 1745596743214.2449
  },
  "C:\\ProgramData\\cocos\\editors\\Creator\\3.1.0\\resources\\resources\\3d\\engine\\editor\\assets\\default_ui\\default_radio_button_off.png.meta": {
    "time": 1745596743216.25
  },
  "C:\\ProgramData\\cocos\\editors\\Creator\\3.1.0\\resources\\resources\\3d\\engine\\editor\\assets\\default_ui\\default_radio_button_on.png.meta": {
    "time": 1745596743218.2559
  },
  "C:\\ProgramData\\cocos\\editors\\Creator\\3.1.0\\resources\\resources\\3d\\engine\\editor\\assets\\default_ui\\default_scrollbar.png.meta": {
    "time": 1745596743218.2559
  },
  "C:\\ProgramData\\cocos\\editors\\Creator\\3.1.0\\resources\\resources\\3d\\engine\\editor\\assets\\default_ui\\default_scrollbar_bg.png.meta": {
    "time": 1745596743218.2559
  },
  "C:\\ProgramData\\cocos\\editors\\Creator\\3.1.0\\resources\\resources\\3d\\engine\\editor\\assets\\default_ui\\default_scrollbar_vertical.png.meta": {
    "time": 1745596743223.8706
  },
  "C:\\ProgramData\\cocos\\editors\\Creator\\3.1.0\\resources\\resources\\3d\\engine\\editor\\assets\\default_ui\\default_scrollbar_vertical_bg.png.meta": {
    "time": 1745596743225.0388
  },
  "C:\\ProgramData\\cocos\\editors\\Creator\\3.1.0\\resources\\resources\\3d\\engine\\editor\\assets\\default_ui\\default_sprite.png.meta": {
    "time": 1745596743227.5498
  },
  "C:\\ProgramData\\cocos\\editors\\Creator\\3.1.0\\resources\\resources\\3d\\engine\\editor\\assets\\default_ui\\default_sprite_splash.png.meta": {
    "time": 1745596743227.5498
  },
  "C:\\ProgramData\\cocos\\editors\\Creator\\3.1.0\\resources\\resources\\3d\\engine\\editor\\assets\\default_ui\\default_toggle_checkmark.png.meta": {
    "time": 1745596743230.0808
  },
  "C:\\ProgramData\\cocos\\editors\\Creator\\3.1.0\\resources\\resources\\3d\\engine\\editor\\assets\\default_ui\\default_toggle_disabled.png.meta": {
    "time": 1745596743231.093
  },
  "C:\\ProgramData\\cocos\\editors\\Creator\\3.1.0\\resources\\resources\\3d\\engine\\editor\\assets\\default_ui\\default_toggle_normal.png.meta": {
    "time": 1745596743231.093
  },
  "C:\\ProgramData\\cocos\\editors\\Creator\\3.1.0\\resources\\resources\\3d\\engine\\editor\\assets\\default_ui\\default_toggle_pressed.png.meta": {
    "time": 1745596743234.6294
  },
  "C:\\ProgramData\\cocos\\editors\\Creator\\3.1.0\\resources\\resources\\3d\\engine\\editor\\assets\\gizmo\\camera.png.meta": {
    "time": 1745596743295.383
  },
  "C:\\ProgramData\\cocos\\editors\\Creator\\3.1.0\\resources\\resources\\3d\\engine\\editor\\assets\\gizmo\\directional-light.png.meta": {
    "time": 1745596743295.383
  },
  "C:\\ProgramData\\cocos\\editors\\Creator\\3.1.0\\resources\\resources\\3d\\engine\\editor\\assets\\gizmo\\particle-system.png.meta": {
    "time": 1745596743298.616
  },
  "C:\\ProgramData\\cocos\\editors\\Creator\\3.1.0\\resources\\resources\\3d\\engine\\editor\\assets\\gizmo\\sphere-light.png.meta": {
    "time": 1745596743302.1282
  },
  "C:\\ProgramData\\cocos\\editors\\Creator\\3.1.0\\resources\\resources\\3d\\engine\\editor\\assets\\gizmo\\spot-light.png.meta": {
    "time": 1745596743302.1282
  },
  "C:\\ProgramData\\cocos\\editors\\Creator\\3.1.0\\resources\\resources\\3d\\engine\\editor\\assets\\gizmo\\webview.png.meta": {
    "time": 1745596743304.1328
  },
  "C:\\ProgramData\\cocos\\editors\\Creator\\3.1.0\\resources\\resources\\3d\\engine\\editor\\assets\\chunks": {
    "time": 1745596743054.298,
    "uuid": "ce750465-15d2-42c5-b176-10f21578f3f0",
    "missing": false
  },
  "C:\\ProgramData\\cocos\\editors\\Creator\\3.1.0\\resources\\resources\\3d\\engine\\editor\\assets\\chunks\\aces.chunk": {
    "time": 1745596742957.8164,
    "uuid": "7efbe295-0202-4979-8cda-6cfe35e086cf",
    "missing": false
  },
  "C:\\ProgramData\\cocos\\editors\\Creator\\3.1.0\\resources\\resources\\3d\\engine\\editor\\assets\\chunks\\alpha-test.chunk": {
    "time": 1745596742960.4622,
    "uuid": "2c3da5b6-0202-470a-a915-59f1e2968853",
    "missing": false
  },
  "C:\\ProgramData\\cocos\\editors\\Creator\\3.1.0\\resources\\resources\\3d\\engine\\editor\\assets\\chunks\\cc-environment.chunk": {
    "time": 1745596742962.4675,
    "uuid": "cd94308c-6959-4671-9dcb-6c58342273e2",
    "missing": false
  },
  "C:\\ProgramData\\cocos\\editors\\Creator\\3.1.0\\resources\\resources\\3d\\engine\\editor\\assets\\chunks\\cc-fog-base.chunk": {
    "time": 1745596742964.4736,
    "uuid": "879b9f55-e5da-4d8f-bc84-3a12a20533ad",
    "missing": false
  },
  "C:\\ProgramData\\cocos\\editors\\Creator\\3.1.0\\resources\\resources\\3d\\engine\\editor\\assets\\chunks\\cc-fog-fs.chunk": {
    "time": 1745596742966.2166,
    "uuid": "5915ee07-9b06-4383-9b98-5b292bd116e9",
    "missing": false
  },
  "C:\\ProgramData\\cocos\\editors\\Creator\\3.1.0\\resources\\resources\\3d\\engine\\editor\\assets\\chunks\\cc-fog-vs.chunk": {
    "time": 1745596742967.8325,
    "uuid": "0bc1a9f5-9282-4192-a0d4-4818568f2b16",
    "missing": false
  },
  "C:\\ProgramData\\cocos\\editors\\Creator\\3.1.0\\resources\\resources\\3d\\engine\\editor\\assets\\chunks\\cc-forward-light.chunk": {
    "time": 1745596742969.8372,
    "uuid": "5e0f5e6e-5008-497f-b223-4e5f1801d8fd",
    "missing": false
  },
  "C:\\ProgramData\\cocos\\editors\\Creator\\3.1.0\\resources\\resources\\3d\\engine\\editor\\assets\\chunks\\cc-global.chunk": {
    "time": 1745596742974.3281,
    "uuid": "1ea907a3-a36e-432a-ae38-af712c77aaad",
    "missing": false
  },
  "C:\\ProgramData\\cocos\\editors\\Creator\\3.1.0\\resources\\resources\\3d\\engine\\editor\\assets\\chunks\\cc-local-batch.chunk": {
    "time": 1745596742976.9597,
    "uuid": "21fbcb1c-648e-4700-b854-2a267fe50933",
    "missing": false
  },
  "C:\\ProgramData\\cocos\\editors\\Creator\\3.1.0\\resources\\resources\\3d\\engine\\editor\\assets\\chunks\\cc-local.chunk": {
    "time": 1745596742978.964,
    "uuid": "e835c2d5-a377-4197-bdb8-382037573494",
    "missing": false
  },
  "C:\\ProgramData\\cocos\\editors\\Creator\\3.1.0\\resources\\resources\\3d\\engine\\editor\\assets\\chunks\\cc-shadow-map-base.chunk": {
    "time": 1745596742981.2246,
    "uuid": "9b0e2f60-4c29-47e6-9b4c-ced160a61be6",
    "missing": false
  },
  "C:\\ProgramData\\cocos\\editors\\Creator\\3.1.0\\resources\\resources\\3d\\engine\\editor\\assets\\chunks\\cc-shadow-map-fs.chunk": {
    "time": 1745596742982.7322,
    "uuid": "5716d893-2ecc-4110-9291-88b7e939d37d",
    "missing": false
  },
  "C:\\ProgramData\\cocos\\editors\\Creator\\3.1.0\\resources\\resources\\3d\\engine\\editor\\assets\\chunks\\cc-shadow-map-vs.chunk": {
    "time": 1745596742982.7322,
    "uuid": "b2e7c003-9c9f-40ee-82c6-32d920a759e8",
    "missing": false
  },
  "C:\\ProgramData\\cocos\\editors\\Creator\\3.1.0\\resources\\resources\\3d\\engine\\editor\\assets\\chunks\\cc-shadow.chunk": {
    "time": 1745596742982.7322,
    "uuid": "69f8ecd8-cdc9-4655-a6ec-d39dacdffc2f",
    "missing": false
  },
  "C:\\ProgramData\\cocos\\editors\\Creator\\3.1.0\\resources\\resources\\3d\\engine\\editor\\assets\\chunks\\cc-skinning.chunk": {
    "time": 1745596742988.017,
    "uuid": "21191d65-d2ba-47a3-b9d2-c4afaaa713cd",
    "missing": false
  },
  "C:\\ProgramData\\cocos\\editors\\Creator\\3.1.0\\resources\\resources\\3d\\engine\\editor\\assets\\chunks\\cc-sprite-texture.chunk": {
    "time": 1745596742989.5706,
    "uuid": "4b48672e-e044-4035-9029-13afb50c1aee",
    "missing": false
  },
  "C:\\ProgramData\\cocos\\editors\\Creator\\3.1.0\\resources\\resources\\3d\\engine\\editor\\assets\\chunks\\common.chunk": {
    "time": 1745596742991.0776,
    "uuid": "9d86a3e4-ec06-4e51-ba68-45f2b7739fbb",
    "missing": false
  },
  "C:\\ProgramData\\cocos\\editors\\Creator\\3.1.0\\resources\\resources\\3d\\engine\\editor\\assets\\chunks\\decode-base.chunk": {
    "time": 1745596742991.0776,
    "uuid": "e05f440c-0ba5-4c83-a039-5644d248bb87",
    "missing": false
  },
  "C:\\ProgramData\\cocos\\editors\\Creator\\3.1.0\\resources\\resources\\3d\\engine\\editor\\assets\\chunks\\decode-standard.chunk": {
    "time": 1745596742996.067,
    "uuid": "8daa33da-9438-4294-aace-2a58d1b183ab",
    "missing": false
  },
  "C:\\ProgramData\\cocos\\editors\\Creator\\3.1.0\\resources\\resources\\3d\\engine\\editor\\assets\\chunks\\decode.chunk": {
    "time": 1745596742996.067,
    "uuid": "385a7ca1-9421-475c-aa02-38d52ef3ba7f",
    "missing": false
  },
  "C:\\ProgramData\\cocos\\editors\\Creator\\3.1.0\\resources\\resources\\3d\\engine\\editor\\assets\\chunks\\deprecated.chunk": {
    "time": 1745596742998.6006,
    "uuid": "355259fc-3a13-4fed-b553-a5e2caeb2e75",
    "missing": false
  },
  "C:\\ProgramData\\cocos\\editors\\Creator\\3.1.0\\resources\\resources\\3d\\engine\\editor\\assets\\chunks\\embedded-alpha.chunk": {
    "time": 1745596743000.6062,
    "uuid": "ef4fb7de-9b39-4eeb-9ae8-d292ff94a452",
    "missing": false
  },
  "C:\\ProgramData\\cocos\\editors\\Creator\\3.1.0\\resources\\resources\\3d\\engine\\editor\\assets\\chunks\\gamma.chunk": {
    "time": 1745596743002.6123,
    "uuid": "bb213412-2e68-43b3-9de5-73ca332acace",
    "missing": false
  },
  "C:\\ProgramData\\cocos\\editors\\Creator\\3.1.0\\resources\\resources\\3d\\engine\\editor\\assets\\chunks\\general-vs.chunk": {
    "time": 1745596743005.345,
    "uuid": "2cdcf2a6-42f3-4142-a340-eabfe530ccbf",
    "missing": false
  },
  "C:\\ProgramData\\cocos\\editors\\Creator\\3.1.0\\resources\\resources\\3d\\engine\\editor\\assets\\chunks\\input-standard.chunk": {
    "time": 1745596743006.392,
    "uuid": "f957d7e0-a3eb-480c-b3c6-43a1a5273b71",
    "missing": false
  },
  "C:\\ProgramData\\cocos\\editors\\Creator\\3.1.0\\resources\\resources\\3d\\engine\\editor\\assets\\chunks\\input.chunk": {
    "time": 1745596743008.3208,
    "uuid": "3b9a2995-9fa1-4862-9bcf-9b6fa2c64bd4",
    "missing": false
  },
  "C:\\ProgramData\\cocos\\editors\\Creator\\3.1.0\\resources\\resources\\3d\\engine\\editor\\assets\\chunks\\lighting.chunk": {
    "time": 1745596743008.3208,
    "uuid": "357618ca-4d71-41b6-af86-9534799c705e",
    "missing": false
  },
  "C:\\ProgramData\\cocos\\editors\\Creator\\3.1.0\\resources\\resources\\3d\\engine\\editor\\assets\\chunks\\lightingmap-fs.chunk": {
    "time": 1745596743012.3188,
    "uuid": "bf771826-ab41-49bd-8058-1cd0fa7a7273",
    "missing": false
  },
  "C:\\ProgramData\\cocos\\editors\\Creator\\3.1.0\\resources\\resources\\3d\\engine\\editor\\assets\\chunks\\lightingmap-vs.chunk": {
    "time": 1745596743015.5605,
    "uuid": "d22a3ca1-78fe-442c-a604-0349f5c873f7",
    "missing": false
  },
  "C:\\ProgramData\\cocos\\editors\\Creator\\3.1.0\\resources\\resources\\3d\\engine\\editor\\assets\\chunks\\morph.chunk": {
    "time": 1745596743016.0671,
    "uuid": "5e669fb5-203c-4e59-90b1-10e6ef5d7e29",
    "missing": false
  },
  "C:\\ProgramData\\cocos\\editors\\Creator\\3.1.0\\resources\\resources\\3d\\engine\\editor\\assets\\chunks\\outline-fs.chunk": {
    "time": 1745596743018.0735,
    "uuid": "4864e2f6-3eb5-4f08-a87a-5c98141cdef4",
    "missing": false
  },
  "C:\\ProgramData\\cocos\\editors\\Creator\\3.1.0\\resources\\resources\\3d\\engine\\editor\\assets\\chunks\\outline-vs.chunk": {
    "time": 1745596743021.361,
    "uuid": "f71444cb-cecf-4692-a310-2a5fdb96b469",
    "missing": false
  },
  "C:\\ProgramData\\cocos\\editors\\Creator\\3.1.0\\resources\\resources\\3d\\engine\\editor\\assets\\chunks\\output-standard.chunk": {
    "time": 1745596743022.868,
    "uuid": "a3c0cc1c-64de-4e52-9698-5f73f8db488e",
    "missing": false
  },
  "C:\\ProgramData\\cocos\\editors\\Creator\\3.1.0\\resources\\resources\\3d\\engine\\editor\\assets\\chunks\\output.chunk": {
    "time": 1745596743024.3977,
    "uuid": "713f0582-5c82-484f-81f7-5006e5a4f48f",
    "missing": false
  },
  "C:\\ProgramData\\cocos\\editors\\Creator\\3.1.0\\resources\\resources\\3d\\engine\\editor\\assets\\chunks\\packing.chunk": {
    "time": 1745596743026.4033,
    "uuid": "73866dd2-eaf5-40af-a061-1b9d38782204",
    "missing": false
  },
  "C:\\ProgramData\\cocos\\editors\\Creator\\3.1.0\\resources\\resources\\3d\\engine\\editor\\assets\\chunks\\particle-common.chunk": {
    "time": 1745596743029.0586,
    "uuid": "7a49db3a-930e-4ffc-8659-a82141dabebb",
    "missing": false
  },
  "C:\\ProgramData\\cocos\\editors\\Creator\\3.1.0\\resources\\resources\\3d\\engine\\editor\\assets\\chunks\\particle-trail.chunk": {
    "time": 1745596743030.5017,
    "uuid": "df7d02d8-559a-4c02-9aac-3732cfc83d7a",
    "missing": false
  },
  "C:\\ProgramData\\cocos\\editors\\Creator\\3.1.0\\resources\\resources\\3d\\engine\\editor\\assets\\chunks\\particle-vs-gpu.chunk": {
    "time": 1745596743032.2966,
    "uuid": "b4b00c01-eca8-4ae4-a04d-e00bbeb6d0e0",
    "missing": false
  },
  "C:\\ProgramData\\cocos\\editors\\Creator\\3.1.0\\resources\\resources\\3d\\engine\\editor\\assets\\chunks\\particle-vs-legacy.chunk": {
    "time": 1745596743032.8025,
    "uuid": "6e1b48cb-69c8-448c-8055-69ab9793fbab",
    "missing": false
  },
  "C:\\ProgramData\\cocos\\editors\\Creator\\3.1.0\\resources\\resources\\3d\\engine\\editor\\assets\\chunks\\rect-area-light.chunk": {
    "time": 1745596743034.8074,
    "uuid": "a24fb7a1-f7a5-430c-a8b2-e4c516131086",
    "missing": false
  },
  "C:\\ProgramData\\cocos\\editors\\Creator\\3.1.0\\resources\\resources\\3d\\engine\\editor\\assets\\chunks\\shading-standard-additive.chunk": {
    "time": 1745596743034.8074,
    "uuid": "a70c48b7-cf69-4c97-a857-21149cd71200",
    "missing": false
  },
  "C:\\ProgramData\\cocos\\editors\\Creator\\3.1.0\\resources\\resources\\3d\\engine\\editor\\assets\\chunks\\shading-standard-base.chunk": {
    "time": 1745596743038.525,
    "uuid": "9ae7cfaf-c5cc-4899-95a5-d6e1215c8964",
    "missing": false
  },
  "C:\\ProgramData\\cocos\\editors\\Creator\\3.1.0\\resources\\resources\\3d\\engine\\editor\\assets\\chunks\\shading-standard.chunk": {
    "time": 1745596743040.8645,
    "uuid": "f9ba1729-bacf-4e62-8c97-0103d940c464",
    "missing": false
  },
  "C:\\ProgramData\\cocos\\editors\\Creator\\3.1.0\\resources\\resources\\3d\\engine\\editor\\assets\\chunks\\shading-toon.chunk": {
    "time": 1745596743042.869,
    "uuid": "bbfd1dfb-8f99-4b68-9aa6-817d5b67096d",
    "missing": false
  },
  "C:\\ProgramData\\cocos\\editors\\Creator\\3.1.0\\resources\\resources\\3d\\engine\\editor\\assets\\chunks\\skinning-dqs.chunk": {
    "time": 1745596743044.8755,
    "uuid": "207a9764-f20a-4e41-997d-cadd0cdb65fd",
    "missing": false
  },
  "C:\\ProgramData\\cocos\\editors\\Creator\\3.1.0\\resources\\resources\\3d\\engine\\editor\\assets\\chunks\\skinning-lbs.chunk": {
    "time": 1745596743046.6206,
    "uuid": "d875d091-0140-4a00-9517-6810755d394d",
    "missing": false
  },
  "C:\\ProgramData\\cocos\\editors\\Creator\\3.1.0\\resources\\resources\\3d\\engine\\editor\\assets\\chunks\\standard-surface-entry.chunk": {
    "time": 1745596743048.6262,
    "uuid": "31d0a199-05e2-422c-a019-8139a855841c",
    "missing": false
  },
  "C:\\ProgramData\\cocos\\editors\\Creator\\3.1.0\\resources\\resources\\3d\\engine\\editor\\assets\\chunks\\texture-lod.chunk": {
    "time": 1745596743048.6262,
    "uuid": "d26f7be9-ac7f-4dfd-88ee-6657dfe3426e",
    "missing": false
  },
  "C:\\ProgramData\\cocos\\editors\\Creator\\3.1.0\\resources\\resources\\3d\\engine\\editor\\assets\\chunks\\transform.chunk": {
    "time": 1745596743052.2925,
    "uuid": "0de81d5f-2a3e-467e-bcf5-84f7828edab6",
    "missing": false
  },
  "C:\\ProgramData\\cocos\\editors\\Creator\\3.1.0\\resources\\resources\\3d\\engine\\editor\\assets\\chunks\\unpack.chunk": {
    "time": 1745596743054.298,
    "uuid": "e3e5d086-acc9-4dd8-98e8-24ac02f547d5",
    "missing": false
  },
  "C:\\ProgramData\\cocos\\editors\\Creator\\3.1.0\\resources\\resources\\3d\\engine\\editor\\assets\\default-terrain": {
    "time": 1745596743062.36,
    "uuid": "3e56704c-6c2b-42cc-b76c-7f9ff4ac2084",
    "missing": false
  },
  "C:\\ProgramData\\cocos\\editors\\Creator\\3.1.0\\resources\\resources\\3d\\engine\\editor\\assets\\default_cubemap": {
    "time": 1745596743084.4275,
    "uuid": "2b97a0ef-6131-4c05-bfe2-ad4b6da2e8cc",
    "missing": false
  },
  "C:\\ProgramData\\cocos\\editors\\Creator\\3.1.0\\resources\\resources\\3d\\engine\\editor\\assets\\default_file_content": {
    "time": 1745596743122.213,
    "uuid": "3e2c8aef-b44a-4421-956c-3aed8c9be8a8",
    "missing": false
  },
  "C:\\ProgramData\\cocos\\editors\\Creator\\3.1.0\\resources\\resources\\3d\\engine\\editor\\assets\\default_prefab": {
    "time": 1745596743155.4463,
    "uuid": "2a1871e7-0015-4aeb-8748-6e7b5ece4536",
    "missing": false
  },
  "C:\\ProgramData\\cocos\\editors\\Creator\\3.1.0\\resources\\resources\\3d\\engine\\editor\\assets\\default_prefab\\3d": {
    "time": 1745596743139.5825,
    "uuid": "2df9a113-6db7-4010-9799-89a982ff49a8",
    "missing": false
  },
  "C:\\ProgramData\\cocos\\editors\\Creator\\3.1.0\\resources\\resources\\3d\\engine\\editor\\assets\\default_ui\\atom.plist.meta": {
    "time": 1745596743201.367
  },
  "C:\\ProgramData\\cocos\\editors\\Creator\\3.1.0\\resources\\resources\\3d\\engine\\editor\\assets\\default_prefab\\3d\\Cube.prefab": {
    "time": 1745596743130.1274,
    "uuid": "30da77a1-f02d-4ede-aa56-403452ee7fde",
    "missing": false
  },
  "C:\\ProgramData\\cocos\\editors\\Creator\\3.1.0\\resources\\resources\\3d\\engine\\editor\\assets\\default_prefab\\3d\\Cone.prefab": {
    "time": 1745596743128.343,
    "uuid": "6350d660-e888-4acf-a552-f3b719ae9110",
    "missing": false
  },
  "C:\\ProgramData\\cocos\\editors\\Creator\\3.1.0\\resources\\resources\\3d\\engine\\editor\\assets\\default_prefab\\3d\\Cylinder.prefab": {
    "time": 1745596743132.3015,
    "uuid": "ab3e16f9-671e-48a7-90b7-d0884d9cbb85",
    "missing": false
  },
  "C:\\ProgramData\\cocos\\editors\\Creator\\3.1.0\\resources\\resources\\3d\\engine\\editor\\assets\\default_prefab\\3d\\Capsule.prefab": {
    "time": 1745596743126.5984,
    "uuid": "73ce1f7f-d1f4-4942-ad93-66ca3b3041ab",
    "missing": false
  },
  "C:\\ProgramData\\cocos\\editors\\Creator\\3.1.0\\resources\\resources\\3d\\engine\\editor\\assets\\default_prefab\\3d\\Quad.prefab": {
    "time": 1745596743138.5544,
    "uuid": "34a07346-9f62-4a84-90ae-cb83f7a426c1",
    "missing": false
  },
  "C:\\ProgramData\\cocos\\editors\\Creator\\3.1.0\\resources\\resources\\3d\\engine\\editor\\assets\\default_prefab\\3d\\Plane.prefab": {
    "time": 1745596743133.5432,
    "uuid": "40563723-f8fc-4216-99ea-a81636435c10",
    "missing": false
  },
  "C:\\ProgramData\\cocos\\editors\\Creator\\3.1.0\\resources\\resources\\3d\\engine\\editor\\assets\\default_prefab\\effects": {
    "time": 1745596743148.301,
    "uuid": "824d9d30-d49c-4d5e-98b2-2ef57f9d9678",
    "missing": false
  },
  "C:\\ProgramData\\cocos\\editors\\Creator\\3.1.0\\resources\\resources\\3d\\engine\\editor\\assets\\default_prefab\\3d\\Torus.prefab": {
    "time": 1745596743139.5825,
    "uuid": "d47f5d5e-c931-4ff4-987b-cc818a728b82",
    "missing": false
  },
  "C:\\ProgramData\\cocos\\editors\\Creator\\3.1.0\\resources\\resources\\3d\\engine\\editor\\assets\\default_prefab\\light": {
    "time": 1745596743152.768,
    "uuid": "a1504385-dc36-445d-87a3-9db43a016b5c",
    "missing": false
  },
  "C:\\ProgramData\\cocos\\editors\\Creator\\3.1.0\\resources\\resources\\3d\\engine\\editor\\assets\\default_prefab\\3d\\Sphere.prefab": {
    "time": 1745596743139.5825,
    "uuid": "655c9519-1a37-472b-bae6-29fefac0b550",
    "missing": false
  },
  "C:\\ProgramData\\cocos\\editors\\Creator\\3.1.0\\resources\\resources\\3d\\engine\\editor\\assets\\default_prefab\\Camera.prefab": {
    "time": 1745596743144.5,
    "uuid": "bb0a6472-cd67-4afb-a031-94fca8f4cc92",
    "missing": false
  },
  "C:\\ProgramData\\cocos\\editors\\Creator\\3.1.0\\resources\\resources\\3d\\engine\\editor\\assets\\default_prefab\\effects\\Particle System.prefab": {
    "time": 1745596743146.1167,
    "uuid": "f09a0597-10e6-49e5-8759-a148b5e85395",
    "missing": false
  },
  "C:\\ProgramData\\cocos\\editors\\Creator\\3.1.0\\resources\\resources\\3d\\engine\\editor\\assets\\default-video.mp4": {
    "time": 1745596743071.8945,
    "uuid": "2be36297-9abb-4fee-8049-9ed5e271da8a",
    "missing": false
  },
  "C:\\ProgramData\\cocos\\editors\\Creator\\3.1.0\\resources\\resources\\3d\\engine\\editor\\assets\\default_prefab\\ui": {
    "time": 1745596743190.1584,
    "uuid": "4778457e-69ae-4d22-afea-ce260ec787dd",
    "missing": false
  },
  "C:\\ProgramData\\cocos\\editors\\Creator\\3.1.0\\resources\\resources\\3d\\engine\\editor\\assets\\default_prefab\\light\\Sphere Light.prefab": {
    "time": 1745596743151.2617,
    "uuid": "4182ee46-ffa0-4de2-b66b-c93cc6c7e9b8",
    "missing": false
  },
  "C:\\ProgramData\\cocos\\editors\\Creator\\3.1.0\\resources\\resources\\3d\\engine\\editor\\assets\\default_prefab\\light\\Directional Light.prefab": {
    "time": 1745596743148.301,
    "uuid": "a0e9756d-9128-4f49-8097-e041c8b733b8",
    "missing": false
  },
  "C:\\ProgramData\\cocos\\editors\\Creator\\3.1.0\\resources\\resources\\3d\\engine\\editor\\assets\\default_prefab\\light\\Spot Light.prefab": {
    "time": 1745596743152.768,
    "uuid": "7a49aa24-bd7a-40a8-b31a-b2a9da85abcd",
    "missing": false
  },
  "C:\\ProgramData\\cocos\\editors\\Creator\\3.1.0\\resources\\resources\\3d\\engine\\editor\\assets\\default_prefab\\Terrain.prefab": {
    "time": 1745596743154.3264,
    "uuid": "90e8b0d4-12dc-412d-9156-ea1fdb18c15b",
    "missing": false
  },
  "C:\\ProgramData\\cocos\\editors\\Creator\\3.1.0\\resources\\resources\\3d\\engine\\editor\\assets\\default_prefab\\ui\\Button.prefab": {
    "time": 1745596743157.7039,
    "uuid": "90bdd2a9-2838-4888-b66c-e94c8b7a5169",
    "missing": false
  },
  "C:\\ProgramData\\cocos\\editors\\Creator\\3.1.0\\resources\\resources\\3d\\engine\\editor\\assets\\default_prefab\\ui\\Canvas.prefab": {
    "time": 1745596743157.7039,
    "uuid": "f773db21-62b8-4540-956a-29bacf5ddbf5",
    "missing": false
  },
  "C:\\ProgramData\\cocos\\editors\\Creator\\3.1.0\\resources\\resources\\3d\\engine\\editor\\assets\\default_prefab\\ui\\EditBox.prefab": {
    "time": 1745596743157.7039,
    "uuid": "05e79121-8675-4551-9ad7-1b901a4025db",
    "missing": false
  },
  "C:\\ProgramData\\cocos\\editors\\Creator\\3.1.0\\resources\\resources\\3d\\engine\\editor\\assets\\default_prefab\\ui\\Layout.prefab": {
    "time": 1745596743164.2961,
    "uuid": "a9ef7dfc-ea8b-4cf8-918e-36da948c4de0",
    "missing": false
  },
  "C:\\ProgramData\\cocos\\editors\\Creator\\3.1.0\\resources\\resources\\3d\\engine\\editor\\assets\\default_prefab\\ui\\Graphics.prefab": {
    "time": 1745596743160.9536,
    "uuid": "c96e159e-43ea-4a16-8279-05bc39119d1a",
    "missing": false
  },
  "C:\\ProgramData\\cocos\\editors\\Creator\\3.1.0\\resources\\resources\\3d\\engine\\editor\\assets\\default_prefab\\ui\\Label.prefab": {
    "time": 1745596743160.9536,
    "uuid": "36008810-7ad3-47c0-8112-e30aee089e45",
    "missing": false
  },
  "C:\\ProgramData\\cocos\\editors\\Creator\\3.1.0\\resources\\resources\\3d\\engine\\editor\\assets\\default_prefab\\ui\\Mask.prefab": {
    "time": 1745596743165.9692,
    "uuid": "7fa63aed-f3e2-46a5-8a7c-c1a1adf6cea6",
    "missing": false
  },
  "C:\\ProgramData\\cocos\\editors\\Creator\\3.1.0\\resources\\resources\\3d\\engine\\editor\\assets\\default_prefab\\ui\\pageView.prefab": {
    "time": 1745596743169.2214,
    "uuid": "20a5d8cb-ccad-4543-a937-fccd98c9f3de",
    "missing": false
  },
  "C:\\ProgramData\\cocos\\editors\\Creator\\3.1.0\\resources\\resources\\3d\\engine\\editor\\assets\\default_prefab\\ui\\ProgressBar.prefab": {
    "time": 1745596743172.027,
    "uuid": "0d9353c4-6fb9-49bb-bc62-77f1750078c2",
    "missing": false
  },
  "C:\\ProgramData\\cocos\\editors\\Creator\\3.1.0\\resources\\resources\\3d\\engine\\editor\\assets\\default_prefab\\ui\\ParticleSystem2D.prefab": {
    "time": 1745596743170.9258,
    "uuid": "f396261e-3e06-41ec-bdd6-9a8b6d99026f",
    "missing": false
  },
  "C:\\ProgramData\\cocos\\editors\\Creator\\3.1.0\\resources\\resources\\3d\\engine\\editor\\assets\\default_prefab\\ui\\RichText.prefab": {
    "time": 1745596743173.5222,
    "uuid": "fc6bfcfa-8086-4326-809b-0ba1226bac7d",
    "missing": false
  },
  "C:\\ProgramData\\cocos\\editors\\Creator\\3.1.0\\resources\\resources\\3d\\engine\\editor\\assets\\default_prefab\\ui\\Slider.prefab": {
    "time": 1745596743177.0725,
    "uuid": "2bd7e5b6-cd8c-41a1-8136-ddb8efbf6326",
    "missing": false
  },
  "C:\\ProgramData\\cocos\\editors\\Creator\\3.1.0\\resources\\resources\\3d\\engine\\editor\\assets\\default_prefab\\ui\\ScrollView.prefab": {
    "time": 1745596743174.772,
    "uuid": "c1baa707-78d6-4b89-8d5d-0b7fdf0c39bc",
    "missing": false
  },
  "C:\\ProgramData\\cocos\\editors\\Creator\\3.1.0\\resources\\resources\\3d\\engine\\editor\\assets\\default_prefab\\ui\\Sprite.prefab": {
    "time": 1745596743178.2205,
    "uuid": "9db8cd0b-cbe4-42e7-96a9-a239620c0a9d",
    "missing": false
  },
  "C:\\ProgramData\\cocos\\editors\\Creator\\3.1.0\\resources\\resources\\3d\\engine\\editor\\assets\\default_prefab\\ui\\SpriteSplash.prefab": {
    "time": 1745596743179.5574,
    "uuid": "e5f21aad-3a69-4011-ac62-b74352ac025e",
    "missing": false
  },
  "C:\\ProgramData\\cocos\\editors\\Creator\\3.1.0\\resources\\resources\\3d\\engine\\editor\\assets\\default_prefab\\ui\\TiledMap.prefab": {
    "time": 1745596743180.9768,
    "uuid": "3139fa4f-8c42-4ce6-98be-15e848d9734c",
    "missing": false
  },
  "C:\\ProgramData\\cocos\\editors\\Creator\\3.1.0\\resources\\resources\\3d\\engine\\editor\\assets\\default_prefab\\ui\\Toggle.prefab": {
    "time": 1745596743183.651,
    "uuid": "0e89afe7-56de-4f99-96a1-cba8a75bedd2",
    "missing": false
  },
  "C:\\ProgramData\\cocos\\editors\\Creator\\3.1.0\\resources\\resources\\3d\\engine\\editor\\assets\\default_renderpipeline": {
    "time": 1745596743199.1162,
    "uuid": "d14563e8-564b-4aa8-811c-3b47f22e1a60",
    "missing": false
  },
  "C:\\ProgramData\\cocos\\editors\\Creator\\3.1.0\\resources\\resources\\3d\\engine\\editor\\assets\\default_prefab\\ui\\ToggleContainer.prefab": {
    "time": 1745596743184.7654,
    "uuid": "2af73429-41d1-4346-9062-7798e42945dd",
    "missing": false
  },
  "C:\\ProgramData\\cocos\\editors\\Creator\\3.1.0\\resources\\resources\\3d\\engine\\editor\\assets\\default_prefab\\ui\\VideoPlayer.prefab": {
    "time": 1745596743185.927,
    "uuid": "7e089eaf-fa97-40d7-8a20-741a152585df",
    "missing": false
  },
  "C:\\ProgramData\\cocos\\editors\\Creator\\3.1.0\\resources\\resources\\3d\\engine\\editor\\assets\\default_ui": {
    "time": 1745596743231.093,
    "uuid": "0138f626-ed40-4605-9404-31e966cf14b9",
    "missing": false
  },
  "C:\\ProgramData\\cocos\\editors\\Creator\\3.1.0\\resources\\resources\\3d\\engine\\editor\\assets\\effects": {
    "time": 1745596743283.6377,
    "uuid": "3e2a0bb4-adfd-48e5-a381-3ea9b6349b8e",
    "missing": false
  },
  "C:\\ProgramData\\cocos\\editors\\Creator\\3.1.0\\resources\\resources\\3d\\engine\\editor\\assets\\default_renderpipeline\\builtin-deferred.rpp": {
    "time": 1745596743191.679,
    "uuid": "5d45ba66-829a-46d3-948e-2ed3fa7ee421",
    "missing": false
  },
  "C:\\ProgramData\\cocos\\editors\\Creator\\3.1.0\\resources\\resources\\3d\\engine\\editor\\assets\\default_renderpipeline\\builtin-forward.rpp": {
    "time": 1745596743193.186,
    "uuid": "fd8ec536-a354-4a17-9c74-4f3883c378c8",
    "missing": false
  },
  "C:\\ProgramData\\cocos\\editors\\Creator\\3.1.0\\resources\\resources\\3d\\engine\\editor\\assets\\default_prefab\\ui\\Widget.prefab": {
    "time": 1745596743189.034,
    "uuid": "36ed4422-3542-4cc4-bf02-dc4bfc590836",
    "missing": false
  },
  "C:\\ProgramData\\cocos\\editors\\Creator\\3.1.0\\resources\\resources\\3d\\engine\\editor\\assets\\effects\\builtin-billboard.effect": {
    "time": 1745596743235.6326,
    "uuid": "711ebe11-f673-4cd9-9a83-63c60ba54c5b",
    "missing": false
  },
  "C:\\ProgramData\\cocos\\editors\\Creator\\3.1.0\\resources\\resources\\3d\\engine\\editor\\assets\\effects\\builtin-graphics.effect": {
    "time": 1745596743239.6401,
    "uuid": "1c02ae6f-4492-4915-b8f8-7492a3b1e4cd",
    "missing": false
  },
  "C:\\ProgramData\\cocos\\editors\\Creator\\3.1.0\\resources\\resources\\3d\\engine\\editor\\assets\\effects\\builtin-clear-stencil.effect": {
    "time": 1745596743237.6362,
    "uuid": "810e96e4-e456-4468-9b59-f4e8f39732c0",
    "missing": false
  },
  "C:\\ProgramData\\cocos\\editors\\Creator\\3.1.0\\resources\\resources\\3d\\engine\\editor\\assets\\effects\\builtin-particle-gpu.effect": {
    "time": 1745596743239.6401,
    "uuid": "971bdb23-3ff6-43eb-b422-1c30165a3663",
    "missing": false
  },
  "C:\\ProgramData\\cocos\\editors\\Creator\\3.1.0\\resources\\resources\\3d\\engine\\editor\\assets\\default_prefab\\ui\\WebView.prefab": {
    "time": 1745596743187.0515,
    "uuid": "9c541fa2-1dc8-4d8b-813a-aec89133f5b1",
    "missing": false
  },
  "C:\\ProgramData\\cocos\\editors\\Creator\\3.1.0\\resources\\resources\\3d\\engine\\editor\\assets\\effects\\builtin-particle-trail.effect": {
    "time": 1745596743243.088,
    "uuid": "17debcc3-0a6b-4b8a-b00b-dc58b885581e",
    "missing": false
  },
  "C:\\ProgramData\\cocos\\editors\\Creator\\3.1.0\\resources\\resources\\3d\\engine\\editor\\assets\\effects\\builtin-particle.effect": {
    "time": 1745596743245.093,
    "uuid": "d1346436-ac96-4271-b863-1f4fdead95b0",
    "missing": false
  },
  "C:\\ProgramData\\cocos\\editors\\Creator\\3.1.0\\resources\\resources\\3d\\engine\\editor\\assets\\effects\\builtin-spine.effect": {
    "time": 1745596743245.093,
    "uuid": "c27215d8-6835-4b68-bfbb-bdeac6100c04",
    "missing": false
  },
  "C:\\ProgramData\\cocos\\editors\\Creator\\3.1.0\\resources\\resources\\3d\\engine\\editor\\assets\\effects\\builtin-sprite.effect": {
    "time": 1745596743249.365,
    "uuid": "60f7195c-ec2a-45eb-ba94-8955f60e81d0",
    "missing": false
  },
  "C:\\ProgramData\\cocos\\editors\\Creator\\3.1.0\\resources\\resources\\3d\\engine\\editor\\assets\\effects\\builtin-standard.effect": {
    "time": 1745596743249.365,
    "uuid": "1baf0fc9-befa-459c-8bdd-af1a450a0319",
    "missing": false
  },
  "C:\\ProgramData\\cocos\\editors\\Creator\\3.1.0\\resources\\resources\\3d\\engine\\editor\\assets\\effects\\editor": {
    "time": 1745596743271.35,
    "uuid": "fee95e8e-1d8c-4859-9b40-1cab8e5acbd6",
    "missing": false
  },
  "C:\\ProgramData\\cocos\\editors\\Creator\\3.1.0\\resources\\resources\\3d\\engine\\editor\\assets\\effects\\builtin-terrain.effect": {
    "time": 1745596743251.1091,
    "uuid": "1d08ef62-a503-4ce2-8b9a-46c90873f7d3",
    "missing": false
  },
  "C:\\ProgramData\\cocos\\editors\\Creator\\3.1.0\\resources\\resources\\3d\\engine\\editor\\assets\\effects\\builtin-toon.effect": {
    "time": 1745596743254.0996,
    "uuid": "a7612b54-35e3-4238-a1a9-4a7b54635839",
    "missing": false
  },
  "C:\\ProgramData\\cocos\\editors\\Creator\\3.1.0\\resources\\resources\\3d\\engine\\editor\\assets\\effects\\builtin-wireframe.effect": {
    "time": 1745596743255.885,
    "uuid": "81127eb0-7556-453c-b147-670782dd5e53",
    "missing": false
  },
  "C:\\ProgramData\\cocos\\editors\\Creator\\3.1.0\\resources\\resources\\3d\\engine\\editor\\assets\\effects\\builtin-unlit.effect": {
    "time": 1745596743255.885,
    "uuid": "a3cd009f-0ab0-420d-9278-b9fdab939bbc",
    "missing": false
  },
  "C:\\ProgramData\\cocos\\editors\\Creator\\3.1.0\\resources\\resources\\3d\\engine\\editor\\assets\\default-material.mtl": {
    "time": 1745596743056.3032,
    "uuid": "d3c7820c-2a98-4429-8bc7-b8453bc9ac41",
    "missing": false
  },
  "C:\\ProgramData\\cocos\\editors\\Creator\\3.1.0\\resources\\resources\\3d\\engine\\editor\\assets\\default-material-transparent.mtl": {
    "time": 1745596743056.3032,
    "uuid": "c31a901b-671b-4c3d-9246-f9a6e5f14b90",
    "missing": false
  },
  "C:\\ProgramData\\cocos\\editors\\Creator\\3.1.0\\resources\\resources\\3d\\engine\\editor\\assets\\effects\\editor\\gizmo.effect": {
    "time": 1745596743259.3953,
    "uuid": "9d6c6bde-2fe2-44ee-883b-909608948b04",
    "missing": false
  },
  "C:\\ProgramData\\cocos\\editors\\Creator\\3.1.0\\resources\\resources\\3d\\engine\\editor\\assets\\effects\\editor\\grid-2d.effect": {
    "time": 1745596743261.3994,
    "uuid": "cb2c332a-fa5e-4235-a129-f011634bb7ad",
    "missing": false
  },
  "C:\\ProgramData\\cocos\\editors\\Creator\\3.1.0\\resources\\resources\\3d\\engine\\editor\\assets\\effects\\editor\\light.effect": {
    "time": 1745596743267.5146,
    "uuid": "e4e4cb19-8dd2-450d-ad20-1a818263b8d3",
    "missing": false
  },
  "C:\\ProgramData\\cocos\\editors\\Creator\\3.1.0\\resources\\resources\\3d\\engine\\editor\\assets\\effects\\editor\\grid-stroke.effect": {
    "time": 1745596743263.9463,
    "uuid": "4736e978-c8fa-449f-9cf6-fe0158ded9d7",
    "missing": false
  },
  "C:\\ProgramData\\cocos\\editors\\Creator\\3.1.0\\resources\\resources\\3d\\engine\\editor\\assets\\effects\\pipeline": {
    "time": 1745596743279.4087,
    "uuid": "945524d6-2653-42b8-a8f7-c9deee89862f",
    "missing": false
  },
  "C:\\ProgramData\\cocos\\editors\\Creator\\3.1.0\\resources\\resources\\3d\\engine\\editor\\assets\\effects\\editor\\grid.effect": {
    "time": 1745596743263.9463,
    "uuid": "ba35f02e-a81c-464c-bfc5-c788328da667",
    "missing": false
  },
  "C:\\ProgramData\\cocos\\editors\\Creator\\3.1.0\\resources\\resources\\3d\\engine\\editor\\assets\\effects\\editor\\terrain-circle-brush.effect": {
    "time": 1745596743268.6433,
    "uuid": "a3e72674-c38f-4336-a285-1826b1799cd7",
    "missing": false
  },
  "C:\\ProgramData\\cocos\\editors\\Creator\\3.1.0\\resources\\resources\\3d\\engine\\editor\\assets\\effects\\editor\\terrain-image-brush.effect": {
    "time": 1745596743271.35,
    "uuid": "7a115de7-2d94-4620-8b89-766d7f8cbff9",
    "missing": false
  },
  "C:\\ProgramData\\cocos\\editors\\Creator\\3.1.0\\resources\\resources\\3d\\engine\\editor\\assets\\effects\\pipeline\\deferred-lighting.effect": {
    "time": 1745596743273.776,
    "uuid": "5d45aa00-e064-4938-b314-4265f0c2258c",
    "missing": false
  },
  "C:\\ProgramData\\cocos\\editors\\Creator\\3.1.0\\resources\\resources\\3d\\engine\\editor\\assets\\effects\\pipeline\\planar-shadow.effect": {
    "time": 1745596743275.526,
    "uuid": "9361fd90-ba52-4f84-aa93-6e878fd576ca",
    "missing": false
  },
  "C:\\ProgramData\\cocos\\editors\\Creator\\3.1.0\\resources\\resources\\3d\\engine\\editor\\assets\\effects\\pipeline\\post-process.effect": {
    "time": 1745596743277.4036,
    "uuid": "ec8106fe-05bf-4e94-943c-e0d3b7bb5e45",
    "missing": false
  },
  "C:\\ProgramData\\cocos\\editors\\Creator\\3.1.0\\resources\\resources\\3d\\engine\\editor\\assets\\effects\\pipeline\\skybox.effect": {
    "time": 1745596743277.4036,
    "uuid": "511d2633-09a7-4bdd-ac42-f778032124b3",
    "missing": false
  },
  "C:\\ProgramData\\cocos\\editors\\Creator\\3.1.0\\resources\\resources\\3d\\engine\\editor\\assets\\effects\\util": {
    "time": 1745596743291.7002,
    "uuid": "cb4eb4b7-2a23-4670-b4af-2e6275aa0e0d",
    "missing": false
  },
  "C:\\ProgramData\\cocos\\editors\\Creator\\3.1.0\\resources\\resources\\3d\\engine\\editor\\assets\\effects\\pipeline\\smaa.effect": {
    "time": 1745596743279.4087,
    "uuid": "6624c63c-0e3d-4d5f-bd15-a7805b71c521",
    "missing": false
  },
  "C:\\ProgramData\\cocos\\editors\\Creator\\3.1.0\\resources\\resources\\3d\\engine\\editor\\assets\\effects\\pipeline\\tonemap.effect": {
    "time": 1745596743279.4087,
    "uuid": "31b152ff-f689-4082-a292-3eb5a0b33014",
    "missing": false
  },
  "C:\\ProgramData\\cocos\\editors\\Creator\\3.1.0\\resources\\resources\\3d\\engine\\editor\\assets\\default_renderpipeline\\deferred-lighting.mtl": {
    "time": 1745596743195.388,
    "uuid": "016951c5-5a09-4dd0-9bb7-f4958a82d690",
    "missing": false
  },
  "C:\\ProgramData\\cocos\\editors\\Creator\\3.1.0\\resources\\resources\\3d\\engine\\editor\\assets\\default_renderpipeline\\tonemap.mtl": {
    "time": 1745596743199.1162,
    "uuid": "9d9704d8-08b4-4917-ba47-9d778bc77ac6",
    "missing": false
  },
  "C:\\ProgramData\\cocos\\editors\\Creator\\3.1.0\\resources\\resources\\3d\\engine\\editor\\assets\\default_renderpipeline\\post-process.mtl": {
    "time": 1745596743195.388,
    "uuid": "85c4d630-c264-4b18-90a4-c52d594e6099",
    "missing": false
  },
  "C:\\ProgramData\\cocos\\editors\\Creator\\3.1.0\\resources\\resources\\3d\\engine\\editor\\assets\\gizmo": {
    "time": 1745596743304.1328,
    "uuid": "83544deb-1461-4da9-9eaa-eeda6cdfcb4f",
    "missing": false
  },
  "C:\\ProgramData\\cocos\\editors\\Creator\\3.1.0\\resources\\resources\\3d\\engine\\editor\\assets\\effects\\util\\batched-unlit.effect": {
    "time": 1745596743283.6377,
    "uuid": "f1556893-88b6-4c65-8c16-a5256ef3ad25",
    "missing": false
  },
  "C:\\ProgramData\\cocos\\editors\\Creator\\3.1.0\\resources\\resources\\3d\\engine\\editor\\assets\\effects\\util\\profiler.effect": {
    "time": 1745596743283.6377,
    "uuid": "871c3b6c-7379-419d-bda3-794b239ab90d",
    "missing": false
  },
  "C:\\ProgramData\\cocos\\editors\\Creator\\3.1.0\\resources\\resources\\3d\\engine\\editor\\assets\\effects\\util\\sequence-anim.effect": {
    "time": 1745596743283.6377,
    "uuid": "27cc5a0b-ec0b-4a67-98cf-b42d4fa971de",
    "missing": false
  },
  "C:\\ProgramData\\cocos\\editors\\Creator\\3.1.0\\resources\\resources\\3d\\engine\\editor\\assets\\effects\\util\\splash-screen.effect": {
    "time": 1745596743283.6377,
    "uuid": "970b0598-bcb0-4714-91fb-2e81440dccd8",
    "missing": false
  },
  "C:\\ProgramData\\cocos\\editors\\Creator\\3.1.0\\resources\\resources\\3d\\engine\\editor\\assets\\particle-add.mtl": {
    "time": 1745596743304.1328,
    "uuid": "ea7478b0-408d-4052-b703-f0d2355e095f",
    "missing": false
  },
  "C:\\ProgramData\\cocos\\editors\\Creator\\3.1.0\\resources\\resources\\3d\\engine\\editor\\assets\\gizmo\\scene-gizmo.mtl": {
    "time": 1745596743298.616,
    "uuid": "6d3bfb1f-604a-4fb3-9fd8-789862cc55e7",
    "missing": false
  },
  "C:\\ProgramData\\cocos\\editors\\Creator\\3.1.0\\resources\\resources\\3d\\engine\\editor\\assets\\ui-sprite-material.mtl": {
    "time": 1745596743311.665,
    "uuid": "fda095cb-831d-4601-ad94-846013963de8",
    "missing": false
  },
  "C:\\ProgramData\\cocos\\editors\\Creator\\3.1.0\\resources\\resources\\3d\\engine\\editor\\assets\\default_cubemap\\bottom.jpg": {
    "time": 1745596743071.8945,
    "uuid": "e049bea9-db6b-463b-8502-61bf426357a1",
    "missing": false
  },
  "C:\\ProgramData\\cocos\\editors\\Creator\\3.1.0\\resources\\resources\\3d\\engine\\editor\\assets\\default_cubemap\\back.jpg": {
    "time": 1745596743071.8945,
    "uuid": "03721795-84b1-4dcd-8eb3-c8e6b88ee535",
    "missing": false
  },
  "C:\\ProgramData\\cocos\\editors\\Creator\\3.1.0\\resources\\resources\\3d\\engine\\editor\\assets\\Default-Particle.png": {
    "time": 1745596743060.3513,
    "uuid": "b5b27ab1-e740-4398-b407-848fc2b2c897",
    "missing": false
  },
  "C:\\ProgramData\\cocos\\editors\\Creator\\3.1.0\\resources\\resources\\3d\\engine\\editor\\assets\\default-terrain\\default-layer-texture.jpg": {
    "time": 1745596743062.36,
    "uuid": "52ef29ed-bd92-4e94-ab2f-0ebc91bf3a60",
    "missing": false
  },
  "C:\\ProgramData\\cocos\\editors\\Creator\\3.1.0\\resources\\resources\\3d\\engine\\editor\\assets\\default_cubemap\\front.jpg": {
    "time": 1745596743078.854,
    "uuid": "86eb75aa-3b2f-4c7b-b59e-bdc2e3984665",
    "missing": false
  },
  "C:\\ProgramData\\cocos\\editors\\Creator\\3.1.0\\resources\\resources\\3d\\engine\\editor\\assets\\default_file_content\\anim": {
    "time": 1745596743086.9082,
    "uuid": "8c76e1e2-a206-4662-aa79-42c0c858d647",
    "missing": false
  },
  "C:\\ProgramData\\cocos\\editors\\Creator\\3.1.0\\resources\\resources\\3d\\engine\\editor\\assets\\default_cubemap\\left.jpg": {
    "time": 1745596743080.4133,
    "uuid": "61ac0181-00bd-4c17-97f0-5fc7f4bafb3d",
    "missing": false
  },
  "C:\\ProgramData\\cocos\\editors\\Creator\\3.1.0\\resources\\resources\\3d\\engine\\editor\\assets\\default_cubemap\\right.jpg": {
    "time": 1745596743082.4211,
    "uuid": "80aabd92-9942-4765-b685-8577a1c88b4e",
    "missing": false
  },
  "C:\\ProgramData\\cocos\\editors\\Creator\\3.1.0\\resources\\resources\\3d\\engine\\editor\\assets\\default_cubemap\\top.jpg": {
    "time": 1745596743084.4275,
    "uuid": "6c895e98-967e-4a6d-8c08-bf6b035fa2c1",
    "missing": false
  },
  "C:\\ProgramData\\cocos\\editors\\Creator\\3.1.0\\resources\\resources\\3d\\engine\\editor\\assets\\default_file_content\\chunk": {
    "time": 1745596743086.9082,
    "uuid": "1f505ca8-b164-4d35-b697-504d100015e4",
    "missing": false
  },
  "C:\\ProgramData\\cocos\\editors\\Creator\\3.1.0\\resources\\resources\\3d\\engine\\editor\\assets\\default_file_content\\effect": {
    "time": 1745596743092.0088,
    "uuid": "d9956a56-5622-44a1-8b50-42449f24ecdd",
    "missing": false
  },
  "C:\\ProgramData\\cocos\\editors\\Creator\\3.1.0\\resources\\resources\\3d\\engine\\editor\\assets\\default_file_content\\flow": {
    "time": 1745596743095.15,
    "uuid": "2c657d26-de3b-4070-9cad-2ca3a33bbd72",
    "missing": false
  },
  "C:\\ProgramData\\cocos\\editors\\Creator\\3.1.0\\resources\\resources\\3d\\engine\\editor\\assets\\default_file_content\\forward-pipeline": {
    "time": 1745596743096.2124,
    "uuid": "22a135d0-b2ef-4c1b-86d2-5bbbd88e4875",
    "missing": false
  },
  "C:\\ProgramData\\cocos\\editors\\Creator\\3.1.0\\resources\\resources\\3d\\engine\\editor\\assets\\default_file_content\\js": {
    "time": 1745596743098.2166,
    "uuid": "91d50ce0-702d-47fd-b540-447a0de3471d",
    "missing": false
  },
  "C:\\ProgramData\\cocos\\editors\\Creator\\3.1.0\\resources\\resources\\3d\\engine\\editor\\assets\\default_file_content\\mtl": {
    "time": 1745596743098.2166,
    "uuid": "8f8bba83-df9c-4afe-8450-e12d0dbe71b7",
    "missing": false
  },
  "C:\\ProgramData\\cocos\\editors\\Creator\\3.1.0\\resources\\resources\\3d\\engine\\editor\\assets\\default_file_content\\pac": {
    "time": 1745596743098.2166,
    "uuid": "e220b271-6a70-47c0-8d12-850150694608",
    "missing": false
  },
  "C:\\ProgramData\\cocos\\editors\\Creator\\3.1.0\\resources\\resources\\3d\\engine\\editor\\assets\\default_file_content\\pmtl": {
    "time": 1745596743103.4385,
    "uuid": "ad05fddb-302f-40f5-81d2-27f671ddf0b6",
    "missing": false
  },
  "C:\\ProgramData\\cocos\\editors\\Creator\\3.1.0\\resources\\resources\\3d\\engine\\editor\\assets\\default_file_content\\scene": {
    "time": 1745596743111.7217,
    "uuid": "3b7550e2-beea-4079-ad8d-dfef104086bd",
    "missing": false
  },
  "C:\\ProgramData\\cocos\\editors\\Creator\\3.1.0\\resources\\resources\\3d\\engine\\editor\\assets\\default_file_content\\rpp": {
    "time": 1745596743103.4385,
    "uuid": "c7e748e8-be82-4f6f-b2c0-085b604e40e5",
    "missing": false
  },
  "C:\\ProgramData\\cocos\\editors\\Creator\\3.1.0\\resources\\resources\\3d\\engine\\editor\\assets\\default_file_content\\rt": {
    "time": 1745596743109.4712,
    "uuid": "865b04b2-bc79-40fc-9bdf-a7557665b27c",
    "missing": false
  },
  "C:\\ProgramData\\cocos\\editors\\Creator\\3.1.0\\resources\\resources\\3d\\engine\\editor\\assets\\default_file_content\\stg": {
    "time": 1745596743111.7217,
    "uuid": "e7e9f9b7-58f3-44b4-b31c-7e7b0f601e92",
    "missing": false
  },
  "C:\\ProgramData\\cocos\\editors\\Creator\\3.1.0\\resources\\resources\\3d\\engine\\editor\\assets\\default_file_content\\ts-render-flow": {
    "time": 1745596743115.172,
    "uuid": "4584ab47-6c1b-44fc-a41d-e32ba87e9660",
    "missing": false
  },
  "C:\\ProgramData\\cocos\\editors\\Creator\\3.1.0\\resources\\resources\\3d\\engine\\editor\\assets\\default_file_content\\ts": {
    "time": 1745596743115.172,
    "uuid": "3e7d59d5-5478-474a-bb27-6eddb22dc614",
    "missing": false
  },
  "C:\\ProgramData\\cocos\\editors\\Creator\\3.1.0\\resources\\resources\\3d\\engine\\editor\\assets\\default_file_content\\terrain": {
    "time": 1745596743113.1672,
    "uuid": "c3dd770e-f74d-491f-85f7-4607add32858",
    "missing": false
  },
  "C:\\ProgramData\\cocos\\editors\\Creator\\3.1.0\\resources\\resources\\3d\\engine\\editor\\assets\\default_file_content\\ts-render-pipeline": {
    "time": 1745596743117.1775,
    "uuid": "400f1cd3-9a46-4349-b3c1-f451e22a219b",
    "missing": false
  },
  "C:\\ProgramData\\cocos\\editors\\Creator\\3.1.0\\resources\\resources\\3d\\engine\\editor\\assets\\default_file_content\\ts-render-stage": {
    "time": 1745596743120.0886,
    "uuid": "aa709c4b-426b-46f3-a856-4a0f22f52d6d",
    "missing": false
  },
  "C:\\ProgramData\\cocos\\editors\\Creator\\3.1.0\\resources\\resources\\3d\\engine\\editor\\assets\\default_ui\\atom.png": {
    "time": 1745596743201.367,
    "uuid": "24c419ea-63a8-4ea1-a9d0-7fc469489bbc",
    "missing": false
  },
  "C:\\ProgramData\\cocos\\editors\\Creator\\3.1.0\\resources\\resources\\3d\\engine\\editor\\assets\\default_ui\\default_btn_normal.png": {
    "time": 1745596743205.703,
    "uuid": "20835ba4-6145-4fbc-a58a-051ce700aa3e",
    "missing": false
  },
  "C:\\ProgramData\\cocos\\editors\\Creator\\3.1.0\\resources\\resources\\3d\\engine\\editor\\assets\\default_ui\\default_btn_disabled.png": {
    "time": 1745596743201.367,
    "uuid": "951249e0-9f16-456d-8b85-a6ca954da16b",
    "missing": false
  },
  "C:\\ProgramData\\cocos\\editors\\Creator\\3.1.0\\resources\\resources\\3d\\engine\\editor\\assets\\default_ui\\default_btn_pressed.png": {
    "time": 1745596743207.4963,
    "uuid": "544e49d6-3f05-4fa8-9a9e-091f98fc2ce8",
    "missing": false
  },
  "C:\\ProgramData\\cocos\\editors\\Creator\\3.1.0\\resources\\resources\\3d\\engine\\editor\\assets\\default_ui\\default_panel.png": {
    "time": 1745596743211.279,
    "uuid": "b730527c-3233-41c2-aaf7-7cdab58f9749",
    "missing": false
  },
  "C:\\ProgramData\\cocos\\editors\\Creator\\3.1.0\\resources\\resources\\3d\\engine\\editor\\assets\\default_ui\\default_progressbar.png": {
    "time": 1745596743211.279,
    "uuid": "24a704da-2867-446d-8d1a-5e920c75e09d",
    "missing": false
  },
  "C:\\ProgramData\\cocos\\editors\\Creator\\3.1.0\\resources\\resources\\3d\\engine\\editor\\assets\\default_ui\\default_progressbar_bg.png": {
    "time": 1745596743214.2449,
    "uuid": "9fd900dd-221b-4f89-8f2c-fba34243c835",
    "missing": false
  },
  "C:\\ProgramData\\cocos\\editors\\Creator\\3.1.0\\resources\\resources\\3d\\engine\\editor\\assets\\default_ui\\default_editbox_bg.png": {
    "time": 1745596743210.1663,
    "uuid": "bd1bcaba-bd7d-4a71-b143-997c882383e4",
    "missing": false
  },
  "C:\\ProgramData\\cocos\\editors\\Creator\\3.1.0\\resources\\resources\\3d\\engine\\editor\\assets\\default_ui\\default_radio_button_on.png": {
    "time": 1745596743216.25,
    "uuid": "45828f25-b50d-4c52-a591-e19491a62b8c",
    "missing": false
  },
  "C:\\ProgramData\\cocos\\editors\\Creator\\3.1.0\\resources\\resources\\3d\\engine\\editor\\assets\\default_ui\\default_radio_button_off.png": {
    "time": 1745596743214.2449,
    "uuid": "f12a23c4-b924-4322-a260-3d982428f1e8",
    "missing": false
  },
  "C:\\ProgramData\\cocos\\editors\\Creator\\3.1.0\\resources\\resources\\3d\\engine\\editor\\assets\\default_ui\\default_scrollbar.png": {
    "time": 1745596743218.2559,
    "uuid": "0da256a2-21f6-481b-90b6-d3643a09179b",
    "missing": false
  },
  "C:\\ProgramData\\cocos\\editors\\Creator\\3.1.0\\resources\\resources\\3d\\engine\\editor\\assets\\default_ui\\default_scrollbar_bg.png": {
    "time": 1745596743218.2559,
    "uuid": "28765e2f-040a-4c65-8e8c-f9d0bb79d863",
    "missing": false
  },
  "C:\\ProgramData\\cocos\\editors\\Creator\\3.1.0\\resources\\resources\\3d\\engine\\editor\\assets\\default_ui\\default_scrollbar_vertical_bg.png": {
    "time": 1745596743223.8706,
    "uuid": "ffb88a8f-af62-48f4-8f1d-3cb606443a43",
    "missing": false
  },
  "C:\\ProgramData\\cocos\\editors\\Creator\\3.1.0\\resources\\resources\\3d\\engine\\editor\\assets\\default_ui\\default_scrollbar_vertical.png": {
    "time": 1745596743218.2559,
    "uuid": "afc47931-f066-46b0-90be-9fe61f213428",
    "missing": false
  },
  "C:\\ProgramData\\cocos\\editors\\Creator\\3.1.0\\resources\\resources\\3d\\engine\\editor\\assets\\default_ui\\default_sprite.png": {
    "time": 1745596743226.5466,
    "uuid": "57520716-48c8-4a19-8acf-41c9f8777fb0",
    "missing": false
  },
  "C:\\ProgramData\\cocos\\editors\\Creator\\3.1.0\\resources\\resources\\3d\\engine\\editor\\assets\\default_ui\\default_sprite_splash.png": {
    "time": 1745596743227.5498,
    "uuid": "7d8f9b89-4fd1-4c9f-a3ab-38ec7cded7ca",
    "missing": false
  },
  "C:\\ProgramData\\cocos\\editors\\Creator\\3.1.0\\resources\\resources\\3d\\engine\\editor\\assets\\default_ui\\default_toggle_disabled.png": {
    "time": 1745596743231.093,
    "uuid": "ca7e121b-293c-4763-829a-b7a5fa81f0d2",
    "missing": false
  },
  "C:\\ProgramData\\cocos\\editors\\Creator\\3.1.0\\resources\\resources\\3d\\engine\\editor\\assets\\primitives.fbx": {
    "time": 1745596743309.6594,
    "uuid": "1263d74c-8167-4928-91a6-4e2672411f47",
    "missing": false
  },
  "C:\\ProgramData\\cocos\\editors\\Creator\\3.1.0\\resources\\resources\\3d\\engine\\editor\\assets\\default_ui\\default_toggle_normal.png": {
    "time": 1745596743231.093,
    "uuid": "11bdc4b0-64a8-4eb7-a2a7-9fb9e233e977",
    "missing": false
  },
  "C:\\ProgramData\\cocos\\editors\\Creator\\3.1.0\\resources\\resources\\3d\\engine\\editor\\assets\\default_ui\\default_toggle_checkmark.png": {
    "time": 1745596743227.5498,
    "uuid": "158e7e52-3220-4cd7-9694-713e0e6e8278",
    "missing": false
  },
  "C:\\ProgramData\\cocos\\editors\\Creator\\3.1.0\\resources\\resources\\3d\\engine\\editor\\assets\\default_ui\\default_toggle_pressed.png": {
    "time": 1745596743231.093,
    "uuid": "a04e994f-ee49-47b6-9d08-2f59e3773fcc",
    "missing": false
  },
  "C:\\ProgramData\\cocos\\editors\\Creator\\3.1.0\\resources\\resources\\3d\\engine\\editor\\assets\\gizmo\\directional-light.png": {
    "time": 1745596743295.383,
    "uuid": "9cb543ba-d152-4809-8a44-8e7bd5712123",
    "missing": false
  },
  "C:\\ProgramData\\cocos\\editors\\Creator\\3.1.0\\resources\\resources\\3d\\engine\\editor\\assets\\gizmo\\sphere-light.png": {
    "time": 1745596743300.1233,
    "uuid": "c78f78a5-3553-4d1f-ad3b-177fe55af68b",
    "missing": false
  },
  "C:\\ProgramData\\cocos\\editors\\Creator\\3.1.0\\resources\\resources\\3d\\engine\\editor\\assets\\gizmo\\camera.png": {
    "time": 1745596743293.543,
    "uuid": "bd373594-df84-486d-a34a-19d09ddaa973",
    "missing": false
  },
  "C:\\ProgramData\\cocos\\editors\\Creator\\3.1.0\\resources\\resources\\3d\\engine\\editor\\assets\\default_ui\\atom.plist": {
    "time": 1745596743201.367,
    "uuid": "86f25d5c-9de5-454f-a5f9-ee16603e6701",
    "missing": false
  },
  "C:\\ProgramData\\cocos\\editors\\Creator\\3.1.0\\resources\\resources\\3d\\engine\\editor\\assets\\gizmo\\webview.png": {
    "time": 1745596743304.1328,
    "uuid": "b9f47df4-b2f0-4270-bd8a-07bb344a8253",
    "missing": false
  },
  "C:\\ProgramData\\cocos\\editors\\Creator\\3.1.0\\resources\\resources\\3d\\engine\\editor\\assets\\gizmo\\spot-light.png": {
    "time": 1745596743302.1282,
    "uuid": "191b676f-175b-41fa-8283-ac539875bfd8",
    "missing": false
  },
  "C:\\ProgramData\\cocos\\editors\\Creator\\3.1.0\\resources\\resources\\3d\\engine\\editor\\assets\\gizmo\\particle-system.png": {
    "time": 1745596743295.383,
    "uuid": "55052bc6-9909-43c1-b2fc-8818060fb069",
    "missing": false
  }
}
