{
  "cce:/internal/x/cc": {
    "mTimestamp": 25381.34089899063,
    "chunkId": "quick-pack:/cce/internal/x/cc.js",
    "imports": [
      {
        "value": "cce:/internal/x/cc-fu/base",
        "loc": {
          "start": {
            "line": 1,
            "column": 14
          },
          "end": {
            "line": 1,
            "column": 42
          }
        }
      },
      {
        "value": "cce:/internal/x/cc-fu/gfx-webgl",
        "loc": {
          "start": {
            "line": 2,
            "column": 14
          },
          "end": {
            "line": 2,
            "column": 47
          }
        }
      },
      {
        "value": "cce:/internal/x/cc-fu/gfx-webgl2",
        "loc": {
          "start": {
            "line": 3,
            "column": 14
          },
          "end": {
            "line": 3,
            "column": 48
          }
        }
      },
      {
        "value": "cce:/internal/x/cc-fu/3d",
        "loc": {
          "start": {
            "line": 4,
            "column": 14
          },
          "end": {
            "line": 4,
            "column": 40
          }
        }
      },
      {
        "value": "cce:/internal/x/cc-fu/2d",
        "loc": {
          "start": {
            "line": 5,
            "column": 14
          },
          "end": {
            "line": 5,
            "column": 40
          }
        }
      },
      {
        "value": "cce:/internal/x/cc-fu/ui",
        "loc": {
          "start": {
            "line": 6,
            "column": 14
          },
          "end": {
            "line": 6,
            "column": 40
          }
        }
      },
      {
        "value": "cce:/internal/x/cc-fu/particle",
        "loc": {
          "start": {
            "line": 7,
            "column": 14
          },
          "end": {
            "line": 7,
            "column": 46
          }
        }
      },
      {
        "value": "cce:/internal/x/cc-fu/particle-2d",
        "loc": {
          "start": {
            "line": 8,
            "column": 14
          },
          "end": {
            "line": 8,
            "column": 49
          }
        }
      },
      {
        "value": "cce:/internal/x/cc-fu/physics-framework",
        "loc": {
          "start": {
            "line": 9,
            "column": 14
          },
          "end": {
            "line": 9,
            "column": 55
          }
        }
      },
      {
        "value": "cce:/internal/x/cc-fu/physics-2d-framework",
        "loc": {
          "start": {
            "line": 10,
            "column": 14
          },
          "end": {
            "line": 10,
            "column": 58
          }
        }
      },
      {
        "value": "cce:/internal/x/cc-fu/intersection-2d",
        "loc": {
          "start": {
            "line": 11,
            "column": 14
          },
          "end": {
            "line": 11,
            "column": 53
          }
        }
      },
      {
        "value": "cce:/internal/x/cc-fu/primitive",
        "loc": {
          "start": {
            "line": 12,
            "column": 14
          },
          "end": {
            "line": 12,
            "column": 47
          }
        }
      },
      {
        "value": "cce:/internal/x/cc-fu/profiler",
        "loc": {
          "start": {
            "line": 13,
            "column": 14
          },
          "end": {
            "line": 13,
            "column": 46
          }
        }
      },
      {
        "value": "cce:/internal/x/cc-fu/audio",
        "loc": {
          "start": {
            "line": 14,
            "column": 14
          },
          "end": {
            "line": 14,
            "column": 43
          }
        }
      },
      {
        "value": "cce:/internal/x/cc-fu/video",
        "loc": {
          "start": {
            "line": 15,
            "column": 14
          },
          "end": {
            "line": 15,
            "column": 43
          }
        }
      },
      {
        "value": "cce:/internal/x/cc-fu/terrain",
        "loc": {
          "start": {
            "line": 16,
            "column": 14
          },
          "end": {
            "line": 16,
            "column": 45
          }
        }
      },
      {
        "value": "cce:/internal/x/cc-fu/webview",
        "loc": {
          "start": {
            "line": 17,
            "column": 14
          },
          "end": {
            "line": 17,
            "column": 45
          }
        }
      },
      {
        "value": "cce:/internal/x/cc-fu/tween",
        "loc": {
          "start": {
            "line": 18,
            "column": 14
          },
          "end": {
            "line": 18,
            "column": 43
          }
        }
      },
      {
        "value": "cce:/internal/x/cc-fu/tiled-map",
        "loc": {
          "start": {
            "line": 19,
            "column": 14
          },
          "end": {
            "line": 19,
            "column": 47
          }
        }
      },
      {
        "value": "cce:/internal/x/cc-fu/spine",
        "loc": {
          "start": {
            "line": 20,
            "column": 14
          },
          "end": {
            "line": 20,
            "column": 43
          }
        }
      },
      {
        "value": "cce:/internal/x/cc-fu/dragon-bones",
        "loc": {
          "start": {
            "line": 21,
            "column": 14
          },
          "end": {
            "line": 21,
            "column": 50
          }
        }
      }
    ],
    "modLoMetadata": {
      "type": "esm"
    },
    "resolvedImports": [
      {
        "specifierOrURL": "cce:/internal/x/cc-fu/base",
        "isExternal": true
      },
      {
        "specifierOrURL": "cce:/internal/x/cc-fu/gfx-webgl",
        "isExternal": true
      },
      {
        "specifierOrURL": "cce:/internal/x/cc-fu/gfx-webgl2",
        "isExternal": true
      },
      {
        "specifierOrURL": "cce:/internal/x/cc-fu/3d",
        "isExternal": true
      },
      {
        "specifierOrURL": "cce:/internal/x/cc-fu/2d",
        "isExternal": true
      },
      {
        "specifierOrURL": "cce:/internal/x/cc-fu/ui",
        "isExternal": true
      },
      {
        "specifierOrURL": "cce:/internal/x/cc-fu/particle",
        "isExternal": true
      },
      {
        "specifierOrURL": "cce:/internal/x/cc-fu/particle-2d",
        "isExternal": true
      },
      {
        "specifierOrURL": "cce:/internal/x/cc-fu/physics-framework",
        "isExternal": true
      },
      {
        "specifierOrURL": "cce:/internal/x/cc-fu/physics-2d-framework",
        "isExternal": true
      },
      {
        "specifierOrURL": "cce:/internal/x/cc-fu/intersection-2d",
        "isExternal": true
      },
      {
        "specifierOrURL": "cce:/internal/x/cc-fu/primitive",
        "isExternal": true
      },
      {
        "specifierOrURL": "cce:/internal/x/cc-fu/profiler",
        "isExternal": true
      },
      {
        "specifierOrURL": "cce:/internal/x/cc-fu/audio",
        "isExternal": true
      },
      {
        "specifierOrURL": "cce:/internal/x/cc-fu/video",
        "isExternal": true
      },
      {
        "specifierOrURL": "cce:/internal/x/cc-fu/terrain",
        "isExternal": true
      },
      {
        "specifierOrURL": "cce:/internal/x/cc-fu/webview",
        "isExternal": true
      },
      {
        "specifierOrURL": "cce:/internal/x/cc-fu/tween",
        "isExternal": true
      },
      {
        "specifierOrURL": "cce:/internal/x/cc-fu/tiled-map",
        "isExternal": true
      },
      {
        "specifierOrURL": "cce:/internal/x/cc-fu/spine",
        "isExternal": true
      },
      {
        "specifierOrURL": "cce:/internal/x/cc-fu/dragon-bones",
        "isExternal": true
      }
    ]
  },
  "cce:/internal/x/prerequisite-imports": {
    "mTimestamp": 462425.1769000292,
    "chunkId": "quick-pack:/cce/internal/x/prerequisite-imports.js",
    "imports": [
      {
        "value": "file:///C:/Users/User/NewProject/assets/Scripts/Jump.ts",
        "loc": {
          "start": {
            "line": 5,
            "column": 35
          },
          "end": {
            "line": 5,
            "column": 92
          }
        }
      },
      {
        "value": "file:///C:/Users/User/NewProject/assets/Scripts/ParallaxEffect.ts",
        "loc": {
          "start": {
            "line": 5,
            "column": 108
          },
          "end": {
            "line": 5,
            "column": 175
          }
        }
      }
    ],
    "modLoMetadata": {
      "type": "esm"
    },
    "resolvedImports": [
      {
        "isExternal": false,
        "url": "file:///C:/Users/User/NewProject/assets/Scripts/Jump.ts"
      },
      {
        "isExternal": false,
        "url": "file:///C:/Users/User/NewProject/assets/Scripts/ParallaxEffect.ts"
      }
    ]
  },
  "file:///C:/Users/User/NewProject/assets/BackgroundScroller.ts": {
    "mTimestamp": 1745823771591.4617,
    "chunkId": "assets/BackgroundScroller.js",
    "imports": [
      {
        "value": "cc"
      },
      {
        "value": "cc",
        "loc": {
          "start": {
            "line": 1,
            "column": 81
          },
          "end": {
            "line": 1,
            "column": 85
          }
        }
      }
    ],
    "modLoMetadata": {
      "type": "esm"
    },
    "resolvedImports": [
      {
        "isExternal": false,
        "url": "cce:/internal/x/cc"
      },
      {
        "isExternal": false,
        "url": "cce:/internal/x/cc"
      }
    ]
  },
  "file:///C:/Users/User/NewProject/assets/Jump.ts": {
    "mTimestamp": 1745787542848.8394,
    "chunkId": "assets/Jump.js",
    "imports": [
      {
        "value": "cc"
      },
      {
        "value": "cc",
        "loc": {
          "start": {
            "line": 1,
            "column": 55
          },
          "end": {
            "line": 1,
            "column": 59
          }
        }
      }
    ],
    "modLoMetadata": {
      "type": "esm"
    },
    "resolvedImports": [
      {
        "isExternal": false,
        "url": "cce:/internal/x/cc"
      },
      {
        "isExternal": false,
        "url": "cce:/internal/x/cc"
      }
    ]
  },
  "file:///C:/Users/User/NewProject/assets/Scripts/BackgroundScroller.ts": {
    "mTimestamp": 1745822548537.578,
    "chunkId": "assets/Scripts/BackgroundScroller.js",
    "imports": [
      {
        "value": "cc"
      },
      {
        "value": "cc",
        "loc": {
          "start": {
            "line": 1,
            "column": 81
          },
          "end": {
            "line": 1,
            "column": 85
          }
        }
      }
    ],
    "modLoMetadata": {
      "type": "esm"
    },
    "resolvedImports": [
      {
        "isExternal": false,
        "url": "cce:/internal/x/cc"
      },
      {
        "isExternal": false,
        "url": "cce:/internal/x/cc"
      }
    ]
  },
  "file:///C:/Users/User/NewProject/assets/Scripts/Jump.ts": {
    "mTimestamp": 1745826013131.6226,
    "chunkId": "assets/Scripts/Jump.js",
    "imports": [
      {
        "value": "cc"
      },
      {
        "value": "cc",
        "loc": {
          "start": {
            "line": 1,
            "column": 55
          },
          "end": {
            "line": 1,
            "column": 59
          }
        }
      }
    ],
    "modLoMetadata": {
      "type": "esm"
    },
    "resolvedImports": [
      {
        "isExternal": false,
        "url": "cce:/internal/x/cc"
      },
      {
        "isExternal": false,
        "url": "cce:/internal/x/cc"
      }
    ]
  },
  "file:///C:/Users/User/NewProject/assets/Scripts/ParallaxEffect.ts": {
    "mTimestamp": 1745826057947.0588,
    "chunkId": "assets/Scripts/ParallaxEffect.js",
    "imports": [
      {
        "value": "cc"
      },
      {
        "value": "cc",
        "loc": {
          "start": {
            "line": 1,
            "column": 81
          },
          "end": {
            "line": 1,
            "column": 85
          }
        }
      }
    ],
    "modLoMetadata": {
      "type": "esm"
    },
    "resolvedImports": [
      {
        "isExternal": false,
        "url": "cce:/internal/x/cc"
      },
      {
        "isExternal": false,
        "url": "cce:/internal/x/cc"
      }
    ]
  }
}
